COUNTY,Tr_ID,TotPop,Pop25pl,HH_MedInc,Perc_BelPo,PercBl,Count
025,24025305100,6916.000000,4567.000000,56746.000000,3.282244,0.57836899942,4
025,24025304100,7920.000000,5245.000000,60014.000000,3.418587,1.35101010101,0
005,24005407000,8216.000000,5561.000000,66922.000000,2.520394,1.49707887050,2
005,24005406000,4897.000000,3235.000000,72217.000000,2.777211,0.57177863998,1
013,24013506200,5072.000000,3375.000000,54375.000000,3.014677,1.28154574132,2
013,24013506100,6879.000000,4511.000000,62416.000000,2.998367,0.21805494985,3
013,24013503000,5382.000000,3710.000000,57977.000000,3.457997,1.28205128205,1
013,24013501000,7898.000000,4879.000000,47942.000000,8.496815,1.19017472778,8
025,24025305200,2887.000000,2081.000000,47104.000000,5.064618,4.67613439557,1
013,24013508100,7009.000000,4518.000000,57452.000000,2.921799,0.45655585676,7
005,24005405000,4025.000000,2842.000000,68920.000000,2.633540,0.99378881988,3
013,24013502000,4188.000000,2788.000000,56689.000000,4.044998,0.00000000000,0
025,24025305300,2045.000000,1347.000000,51250.000000,10.167818,6.16136919315,2
013,24013510000,1414.000000,934.000000,53333.000000,2.927928,4.45544554455,0
013,24013507601,4554.000000,3050.000000,50923.000000,11.429832,5.33596837945,14
013,24013507500,3727.000000,1724.000000,57067.000000,5.354391,4.99060906896,6
013,24013508200,6102.000000,3954.000000,60595.000000,1.431156,1.08161258604,6
025,24025304201,5976.000000,4005.000000,82008.000000,2.914085,1.23828647925,5
005,24005410100,6126.000000,4070.000000,101358.000000,1.632387,0.53868756121,3
025,24025303201,4465.000000,2845.000000,67256.000000,2.201752,4.03135498320,4
025,24025303100,7767.000000,5024.000000,65086.000000,1.290989,2.92262134672,6
025,24025304202,6330.000000,4121.000000,72330.000000,1.507937,2.30647709321,3
025,24025302100,2117.000000,1491.000000,67708.000000,2.135738,2.73972602740,0
013,24013507701,7985.000000,5000.000000,57711.000000,3.241574,2.16656230432,2
013,24013507602,4172.000000,2875.000000,46976.000000,5.175038,2.99616490892,37
013,24013512000,1519.000000,1004.000000,44423.000000,9.511229,4.21329822251,2
013,24013507702,3406.000000,2391.000000,42016.000000,7.260435,4.96183206107,3
005,24005408100,5658.000000,4062.000000,69195.000000,3.026013,2.52739483917,3
025,24025306400,4695.000000,3038.000000,63220.000000,2.890792,10.47923322680,0
025,24025303603,5809.000000,3508.000000,80214.000000,1.190066,2.15183336202,2
025,24025302200,2478.000000,1781.000000,55912.000000,4.811969,3.59160613398,0
025,24025303202,11077.000000,7282.000000,66446.000000,2.032781,1.34512954771,12
005,24005404600,2406.000000,1735.000000,58902.000000,2.123231,3.61596009975,3
013,24013507801,5080.000000,3460.000000,37126.000000,9.243201,6.00393700787,11
013,24013504100,4748.000000,3256.000000,66105.000000,1.897133,1.05307497894,1
013,24013511000,3654.000000,2395.000000,53509.000000,2.956474,2.27148330597,4
025,24025306300,890.000000,633.000000,51591.000000,4.943820,14.94382022470,0
013,24013507802,4328.000000,3042.000000,57226.000000,3.741497,2.56469500924,3
025,24025306100,4352.000000,3096.000000,33515.000000,12.727273,23.52941176470,0
025,24025303700,3967.000000,2818.000000,55603.000000,2.320303,4.05848248046,6
005,24005408200,1652.000000,1250.000000,88188.000000,2.239709,2.84503631961,0
025,24025302801,3260.000000,2296.000000,58785.000000,4.432133,13.71165644170,8
025,24025303800,8479.000000,5784.000000,47970.000000,4.182651,4.94162047411,19
013,24013504201,5700.000000,3806.000000,68824.000000,2.492978,0.26315789474,2
025,24025303300,5743.000000,3959.000000,80746.000000,2.003484,0.71391258924,2
025,24025303604,6457.000000,4071.000000,57012.000000,3.230337,3.09741365959,4
005,24005410200,4708.000000,3149.000000,99041.000000,0.764656,0.25488530161,5
025,24025306200,2822.000000,1925.000000,31737.000000,16.648879,8.71722182849,0
025,24025303500,8976.000000,5837.000000,67153.000000,4.691165,2.56238859180,24
025,24025303900,2313.000000,1767.000000,44667.000000,4.514049,2.33463035019,3
025,24025303602,3875.000000,2629.000000,78587.000000,1.937484,2.50322580645,0
025,24025301102,2617.000000,1766.000000,65345.000000,0.845829,2.71303018724,0
005,24005411201,3160.000000,2264.000000,78253.000000,0.886076,0.00000000000,1
025,24025302802,4292.000000,2790.000000,35101.000000,10.892941,30.77819198510,12
025,24025302901,2164.000000,1261.000000,25727.000000,26.333022,28.65064695010,0
013,24013504202,5847.000000,3951.000000,67337.000000,2.889080,1.31691465709,2
025,24025302400,2745.000000,1816.000000,35951.000000,16.204380,24.11657559200,2
013,24013509000,7457.000000,4839.000000,72500.000000,1.346801,3.09776049350,3
025,24025303400,3599.000000,2531.000000,62660.000000,2.225932,1.86162823006,7
025,24025301103,8197.000000,5029.000000,68010.000000,1.874311,2.92790045138,4
025,24025302902,4849.000000,3163.000000,38602.000000,11.288981,29.59373066610,1
005,24005408400,247.000000,170.000000,14286.000000,35.436893,8.09716599190,29
025,24025301702,4992.000000,3293.000000,58944.000000,5.747588,14.16266025640,2
005,24005408900,2787.000000,2041.000000,68667.000000,4.269824,1.32759239325,12
025,24025302500,3116.000000,1592.000000,38875.000000,5.590941,33.40821566110,0
025,24025301104,6512.000000,4245.000000,62885.000000,3.137014,8.84520884521,1
025,24025301202,4295.000000,2868.000000,56061.000000,0.956380,3.16647264261,17
005,24005408301,6590.000000,4583.000000,100828.000000,0.745247,0.71320182094,4
005,24005404402,6842.000000,4220.000000,86111.000000,1.376080,8.27243496054,3
005,24005404900,4355.000000,2663.000000,118373.000000,0.665901,2.75545350172,1
005,24005411202,3878.000000,2982.000000,73250.000000,4.504976,1.57297576070,0
025,24025301201,2035.000000,1496.000000,55202.000000,1.087494,0.73710073710,0
005,24005404800,1872.000000,1244.000000,76998.000000,2.909483,1.86965811966,0
005,24005408502,5542.000000,3978.000000,89554.000000,6.193078,5.59364850235,0
005,24005404401,6945.000000,4682.000000,47063.000000,4.764025,17.81137509000,23
025,24025301701,7022.000000,4561.000000,61143.000000,2.763562,12.19025918540,7
013,24013514100,3504.000000,2321.000000,70457.000000,1.321839,1.48401826484,1
005,24005411101,2171.000000,1475.000000,75199.000000,2.772643,1.33578995854,1
025,24025301203,6969.000000,4510.000000,61729.000000,2.598903,6.12713445258,6
005,24005411102,3101.000000,2175.000000,75471.000000,1.934860,0.96742986134,2
005,24005408506,4296.000000,2844.000000,35177.000000,13.836478,15.64245810060,5
005,24005408503,3161.000000,2116.000000,42591.000000,7.592534,3.54318253717,22
005,24005408507,5547.000000,3558.000000,35044.000000,9.049692,11.79015684150,1
005,24005404501,6576.000000,4512.000000,50262.000000,2.972561,12.60644768860,2
005,24005408505,3807.000000,2768.000000,62289.000000,2.446081,2.10139217231,20
005,24005408302,2648.000000,1886.000000,114110.000000,3.209970,1.69939577039,0
025,24025301301,3067.000000,2263.000000,42011.000000,7.100785,5.02119334855,8
005,24005404201,5034.000000,3223.000000,50997.000000,8.802395,22.76519666270,1
005,24005408703,6058.000000,4512.000000,62718.000000,3.152856,1.76625949158,2
005,24005404502,3929.000000,2502.000000,39725.000000,8.337596,22.11758717230,2
005,24005404100,8446.000000,5754.000000,63750.000000,4.236277,18.04404451810,28
013,24013505101,3860.000000,2482.000000,85920.000000,0.519346,7.87564766839,0
005,24005490100,4243.000000,3137.000000,102630.000000,1.484798,3.74734857412,0
013,24013505102,5117.000000,3390.000000,71409.000000,2.640914,2.46238030096,7
005,24005403801,1643.000000,1115.000000,115571.000000,1.339014,3.22580645161,1
005,24005404202,5323.000000,3515.000000,36422.000000,11.291963,44.22318241590,12
005,24005408601,3675.000000,2826.000000,62455.000000,1.823129,0.40816326531,5
025,24025301602,6214.000000,3976.000000,58681.000000,6.434446,15.73865465080,4
013,24013514201,4987.000000,3373.000000,65705.000000,3.007519,1.06276318428,1
005,24005408800,2224.000000,1596.000000,54961.000000,3.327338,5.89028776978,13
005,24005402201,3195.000000,2019.000000,71542.000000,15.086072,26.07198748040,2
025,24025301500,961.000000,454.000000,45341.000000,1.670146,28.92819979190,1
005,24005408704,5347.000000,3516.000000,89738.000000,1.555181,0.80418926501,2
005,24005403701,6566.000000,4793.000000,68571.000000,5.189991,13.63082546450,4
025,24025301302,7126.000000,4088.000000,46124.000000,9.411765,33.01992702780,14
005,24005411406,4354.000000,3166.000000,55491.000000,0.964630,1.05649977033,6
025,24025301601,6257.000000,3475.000000,40116.000000,18.098456,30.17420489050,5
005,24005408602,2101.000000,1573.000000,72292.000000,1.427891,1.28510233222,2
005,24005491800,339.000000,26.000000,17500.000000,0.000000,74.92625368730,0
013,24013514202,3158.000000,2069.000000,66301.000000,1.336303,2.15326155795,2
013,24013513000,7064.000000,4533.000000,67250.000000,3.522841,0.53793884485,21
025,24025301401,7427.000000,5130.000000,59360.000000,5.284443,10.15214756970,5
005,24005411304,6392.000000,4590.000000,68603.000000,1.978333,0.46933667084,12
005,24005491702,3333.000000,2266.000000,48327.000000,5.815005,4.95049504950,1
005,24005490200,2604.000000,1961.000000,57750.000000,2.304147,0.96006144393,3
005,24005411409,5546.000000,3383.000000,67826.000000,2.040079,3.46195456185,0
005,24005492200,4827.000000,3319.000000,50319.000000,3.003936,5.96643878185,0
005,24005411404,3733.000000,2488.000000,70327.000000,1.205465,2.22341280471,3
005,24005408702,2492.000000,1893.000000,70690.000000,2.006421,1.00321027287,0
005,24005490400,1710.000000,1209.000000,113067.000000,3.333333,0.76023391813,0
005,24005491701,4039.000000,2833.000000,48816.000000,4.618823,10.02723446400,15
005,24005490301,6160.000000,3985.000000,36045.000000,23.617776,13.36038961040,24
005,24005403802,2595.000000,1983.000000,157435.000000,1.888247,1.57996146435,0
005,24005411302,1890.000000,1288.000000,53438.000000,6.010638,6.77248677249,9
005,24005403702,4608.000000,3046.000000,59135.000000,5.045764,12.82552083330,19
025,24025301402,2518.000000,1599.000000,62269.000000,3.725962,10.00794281180,0
005,24005490302,3374.000000,2100.000000,47759.000000,3.102907,4.86069946651,0
005,24005490500,3457.000000,2564.000000,96442.000000,1.880243,0.57853630315,3
005,24005411303,6184.000000,4504.000000,50309.000000,5.902329,4.36610608021,11
005,24005490701,1395.000000,1145.000000,73906.000000,4.092664,0.00000000000,1
005,24005402507,11366.000000,7879.000000,62480.000000,3.245777,48.08199894420,9
005,24005411410,4525.000000,3038.000000,63527.000000,1.303867,4.39779005525,1
013,24013505202,7726.000000,5045.000000,63158.000000,3.264698,3.45586331866,10
005,24005403803,2928.000000,2323.000000,98530.000000,2.493169,2.52732240437,0
005,24005490703,2555.000000,1833.000000,52414.000000,11.506849,2.81800391389,30
005,24005490900,4161.000000,3273.000000,35260.000000,10.118753,12.76135544340,9
005,24005402603,5356.000000,3611.000000,73083.000000,1.755711,67.97983569830,0
013,24013505203,3320.000000,2376.000000,72609.000000,4.076833,7.74096385542,15
005,24005491201,1930.000000,1432.000000,52692.000000,4.465213,6.16580310881,16
005,24005491600,2973.000000,2178.000000,38066.000000,6.622759,5.04540867810,5
005,24005492001,1517.000000,1163.000000,41927.000000,6.287227,8.23994726434,0
005,24005491900,1777.000000,1406.000000,45000.000000,2.757456,0.56274620146,7
005,24005411408,5859.000000,4593.000000,43666.000000,7.622629,4.60829493088,5
013,24013505204,6040.000000,3633.000000,70229.000000,3.305369,2.31788079470,4
005,24005490605,3980.000000,344.000000,11326.000000,49.306931,13.29145728640,1
005,24005492002,4142.000000,2745.000000,50015.000000,5.352386,8.81216803477,0
005,24005403601,4679.000000,3331.000000,66493.000000,3.004937,2.47916221415,0
005,24005411407,7111.000000,4623.000000,48664.000000,7.446509,8.33919279989,3
005,24005490800,3018.000000,1942.000000,66250.000000,4.448871,0.86149768058,0
005,24005491300,3221.000000,2051.000000,46349.000000,12.325365,26.20304253340,6
005,24005491202,1852.000000,1365.000000,51875.000000,1.817181,2.53779697624,1
005,24005492101,3621.000000,2736.000000,39599.000000,4.568106,4.83291908313,4
005,24005411306,5331.000000,3712.000000,62036.000000,2.944507,6.02138435566,3
005,24005491500,3917.000000,2630.000000,39491.000000,5.361246,11.64156242020,1
005,24005403400,8174.000000,6475.000000,41273.000000,13.622488,21.54391974550,33
005,24005451702,1981.000000,1415.000000,51773.000000,3.432610,0.00000000000,0
005,24005440100,4482.000000,3136.000000,49577.000000,3.802025,1.82954038376,7
005,24005490602,2662.000000,2000.000000,50984.000000,4.620586,0.97670924117,0
005,24005411307,3686.000000,2473.000000,51715.000000,3.065654,9.11557243625,1
005,24005402505,2999.000000,1905.000000,42353.000000,6.356641,80.22674224740,0
005,24005490603,2118.000000,1558.000000,69531.000000,4.899433,0.00000000000,0
005,24005451801,5190.000000,3197.000000,53098.000000,7.745665,20.38535645470,1
005,24005403602,4444.000000,3093.000000,50964.000000,7.347307,7.13321332133,0
005,24005440300,2139.000000,1421.000000,45750.000000,6.421152,18.65357643760,3
005,24005491000,2300.000000,1529.000000,81235.000000,1.619433,0.47826086957,1
005,24005403500,4015.000000,2817.000000,57391.000000,5.379826,2.98879202989,4
005,24005491401,5160.000000,2967.000000,32282.000000,17.017134,77.30620155040,3
005,24005402506,4183.000000,2805.000000,62188.000000,7.118726,69.51948362420,4
005,24005491402,3072.000000,1965.000000,43438.000000,9.658503,51.59505208330,2
005,24005440600,1517.000000,1011.000000,77784.000000,0.000000,8.50362557680,29
005,24005402504,3829.000000,2530.000000,63627.000000,4.190828,77.20031339780,2
005,24005402604,6012.000000,4160.000000,62912.000000,4.680423,74.03526280770,0
005,24005492102,2153.000000,1572.000000,46553.000000,3.433678,8.36042731073,5
005,24005440200,2507.000000,1757.000000,54221.000000,5.544395,6.54168328680,2
005,24005451701,2477.000000,1885.000000,54519.000000,7.082153,3.47194186516,2
005,24005491100,3299.000000,2132.000000,51851.000000,5.928854,13.57987268870,2
005,24005490601,2106.000000,1449.000000,72208.000000,2.564103,3.22886989554,0
005,24005403300,2427.000000,1747.000000,50952.000000,2.573682,26.98805109190,0
005,24005440800,2020.000000,1376.000000,42831.000000,3.720238,10.09900990100,9
005,24005402305,1828.000000,1136.000000,43973.000000,12.767123,72.92122538290,1
005,24005402503,3890.000000,2732.000000,35304.000000,13.103255,69.89717223650,12
005,24005440702,3189.000000,2162.000000,57192.000000,1.666667,9.94042019442,7
510,24510270703,2625.000000,1936.000000,42895.000000,4.022989,18.05714285710,1
510,24510270501,4287.000000,3025.000000,44872.000000,5.254516,12.52624212740,2
510,24510271200,5889.000000,4292.000000,84832.000000,5.161405,10.78281541860,9
510,24510270804,2552.000000,1937.000000,33718.000000,13.206801,36.08934169280,6
510,24510270701,2780.000000,1456.000000,22146.000000,34.892086,90.03597122300,0
510,24510272001,7747.000000,5220.000000,28333.000000,17.845555,40.68671743900,8
510,24510272002,6337.000000,4411.000000,36025.000000,10.661183,10.11519646520,0
510,24510271501,4132.000000,3070.000000,63885.000000,6.078577,9.14811229429,6
510,24510271300,2691.000000,2001.000000,71771.000000,9.364548,5.90858416945,1
510,24510270801,4169.000000,2626.000000,45238.000000,5.732177,71.59990405370,0
510,24510270803,6346.000000,4242.000000,32632.000000,11.654257,79.26252757640,4
510,24510272003,5459.000000,3335.000000,48772.000000,6.997619,31.04964279170,0
005,24005402602,2000.000000,1337.000000,53578.000000,6.074528,66.80000000000,3
005,24005440500,2936.000000,2242.000000,42948.000000,5.830208,1.19209809264,6
027,24027604001,5838.000000,3644.000000,80284.000000,0.910340,4.53922576225,9
005,24005402307,5506.000000,3813.000000,38801.000000,8.154906,73.97384671270,1
510,24510270702,2398.000000,1532.000000,32625.000000,18.205462,55.12927439530,1
005,24005402306,3341.000000,1989.000000,43446.000000,7.370337,79.79646812330,2
510,24510270802,5287.000000,3297.000000,37846.000000,11.113225,85.47380366940,1
510,24510270805,5411.000000,3498.000000,39539.000000,13.951763,81.81482165960,10
510,24510270600,4675.000000,3279.000000,46107.000000,5.906534,39.14438502670,1
510,24510271900,3870.000000,2719.000000,39173.000000,12.913304,70.15503875970,5
027,24027603000,10645.000000,7123.000000,97850.000000,2.639737,3.45702207609,7
510,24510270502,4327.000000,3137.000000,41156.000000,5.823896,21.03073723130,5
510,24510280101,3424.000000,2304.000000,33512.000000,16.140454,88.20093457940,13
005,24005403201,3081.000000,2093.000000,61594.000000,3.090436,81.04511522230,0
005,24005403100,2599.000000,1972.000000,56505.000000,5.504587,62.21623701420,0
005,24005440400,5611.000000,3874.000000,51755.000000,6.718945,10.74674746030,2
005,24005402302,3705.000000,2404.000000,49141.000000,8.178138,80.00000000000,4
510,24510271503,822.000000,794.000000,48929.000000,2.554745,9.36739659367,2
510,24510130805,943.000000,737.000000,40114.000000,13.785790,73.06468716860,0
005,24005440701,5949.000000,3877.000000,43935.000000,7.607001,33.83761976800,2
027,24027604002,5835.000000,3709.000000,102272.000000,0.925450,1.45672664953,2
510,24510271700,6039.000000,4163.000000,30000.000000,18.055556,91.83639675440,6
510,24510270402,3326.000000,2398.000000,38250.000000,8.466406,23.99278412510,5
005,24005402303,6466.000000,4177.000000,51012.000000,6.513834,84.44169502010,15
005,24005451200,4198.000000,2887.000000,50921.000000,3.980930,4.97856121963,17
510,24510260101,4636.000000,3123.000000,35268.000000,12.445223,41.13459879210,5
510,24510271002,4466.000000,2819.000000,33792.000000,10.735361,95.94715629200,1
510,24510270902,3972.000000,2646.000000,43796.000000,5.430903,91.08761329310,0
510,24510270901,4299.000000,2749.000000,31778.000000,14.289100,93.20772272620,2
005,24005402401,7509.000000,4338.000000,43031.000000,10.323100,76.78785457450,6
510,24510271101,4283.000000,1436.000000,30833.000000,20.170940,18.42166705580,2
005,24005402202,1162.000000,891.000000,65114.000000,5.332168,11.61790017210,0
510,24510270301,3284.000000,2299.000000,48015.000000,7.566528,49.81729598050,1
510,24510271102,2036.000000,774.000000,101450.000000,17.532918,9.97053045187,0
510,24510270401,4986.000000,3456.000000,36795.000000,10.378536,36.82310469310,1
510,24510271400,3665.000000,2699.000000,67107.000000,7.925276,4.20190995907,5
005,24005451300,3289.000000,2254.000000,34375.000000,11.826923,5.38157494679,1
005,24005451400,7941.000000,4620.000000,33161.000000,10.024017,29.00138521600,2
510,24510280102,6290.000000,4423.000000,35244.000000,15.378330,95.64387917330,4
510,24510271801,3633.000000,2419.000000,23409.000000,37.489586,93.91687310760,11
005,24005440900,3273.000000,2211.000000,45694.000000,7.285583,18.17904063550,6
510,24510270302,1809.000000,1182.000000,39601.000000,5.268996,36.04201216140,1
005,24005451802,3663.000000,2814.000000,42565.000000,6.579307,0.02730002730,11
005,24005403202,2040.000000,1370.000000,61042.000000,2.071006,84.55882352940,2
005,24005402304,3770.000000,2594.000000,47069.000000,5.501879,92.46684350130,1
510,24510271802,3934.000000,2319.000000,23536.000000,29.288274,98.60193187600,1
510,24510271600,5315.000000,3094.000000,26393.000000,22.048169,97.94920037630,5
510,24510271001,2688.000000,1659.000000,27269.000000,20.381451,98.06547619050,2
510,24510270903,5256.000000,2020.000000,43194.000000,12.797247,88.16590563170,2
510,24510270200,2467.000000,1594.000000,49193.000000,17.664544,31.69841913250,2
510,24510270102,4049.000000,2652.000000,43506.000000,12.344759,50.20992837740,1
510,24510130806,1111.000000,833.000000,37222.000000,13.614104,16.29162916290,0
510,24510130803,2760.000000,2051.000000,35000.000000,11.078823,10.47101449280,1
510,24510130700,4837.000000,3878.000000,34943.000000,6.308170,4.94107918131,8
005,24005402404,5376.000000,3162.000000,39593.000000,15.423729,89.24851190480,0
005,24005402403,1993.000000,1470.000000,54261.000000,4.315103,85.64977420970,1
510,24510260102,5083.000000,3329.000000,42684.000000,12.900020,62.54180602010,1
510,24510120100,4702.000000,3538.000000,40119.000000,20.238602,9.42152275627,5
005,24005441000,4006.000000,2245.000000,47855.000000,5.126282,57.68846729910,1
510,24510151300,5386.000000,3069.000000,19981.000000,38.856824,97.45636836240,2
005,24005441101,2176.000000,1620.000000,45038.000000,4.365809,6.57169117647,2
005,24005451600,1889.000000,1406.000000,45485.000000,8.360302,0.37056643727,6
510,24510151000,5927.000000,3881.000000,28529.000000,21.585218,97.58731229960,2
510,24510090200,3242.000000,2320.000000,52500.000000,7.527911,77.20542874770,0
510,24510090100,4435.000000,2905.000000,32243.000000,19.435371,88.92897406990,0
005,24005441102,4728.000000,3492.000000,51615.000000,3.454122,12.35194585450,4
005,24005451803,4314.000000,2686.000000,49879.000000,7.227792,6.74547983310,1
510,24510151100,6543.000000,4615.000000,35219.000000,17.232376,98.53278312700,2
510,24510270101,1715.000000,1127.000000,45994.000000,6.064140,32.01166180760,0
510,24510260201,4847.000000,3064.000000,27566.000000,19.450408,69.81638126680,3
510,24510130804,2041.000000,1469.000000,28594.000000,16.658404,5.83047525723,6
510,24510151200,5060.000000,3182.000000,18871.000000,33.967499,98.79446640320,0
005,24005450100,4067.000000,3039.000000,42467.000000,6.434911,2.50799114827,13
510,24510280200,4733.000000,3216.000000,40583.000000,11.332767,95.75322205790,0
510,24510120200,8511.000000,3850.000000,21961.000000,33.349214,12.38397368110,25
510,24510090300,4225.000000,2652.000000,41289.000000,14.628925,78.22485207100,2
510,24510080101,3841.000000,2342.000000,43477.000000,14.007884,57.90158812810,3
005,24005402405,3232.000000,2055.000000,38836.000000,4.099379,73.29826732670,4
005,24005450700,527.000000,295.000000,45000.000000,5.692600,2.08728652751,1
510,24510130600,3831.000000,2726.000000,38094.000000,16.269321,2.89741581832,12
510,24510260202,5874.000000,3484.000000,27031.000000,24.100534,83.33333333330,5
510,24510260403,1847.000000,1018.000000,33879.000000,11.669458,96.64320519760,0
510,24510130400,2384.000000,1517.000000,24880.000000,26.672384,96.05704697990,6
510,24510260203,2873.000000,1598.000000,36385.000000,20.197392,89.59276018100,7
005,24005451500,3951.000000,2510.000000,41136.000000,11.190598,10.30118957230,3
005,24005450600,2984.000000,1933.000000,45260.000000,4.088472,0.97184986595,2
005,24005450200,3469.000000,2472.000000,41619.000000,5.361776,0.66301527818,2
510,24510090500,2086.000000,1301.000000,27076.000000,22.023233,86.96069031640,2
005,24005450300,3430.000000,2463.000000,40909.000000,6.863318,0.17492711370,5
510,24510090600,4083.000000,2520.000000,30680.000000,22.922352,96.88954200340,0
510,24510260402,2001.000000,1098.000000,22355.000000,27.249357,94.90254872560,2
005,24005450800,5197.000000,3091.000000,20250.000000,30.260870,33.34616124690,2
005,24005401200,3018.000000,1906.000000,48472.000000,6.174900,58.08482438700,3
510,24510150500,1471.000000,947.000000,21071.000000,28.464164,98.30047586680,2
510,24510150800,5233.000000,3343.000000,26235.000000,26.968882,97.70686030960,0
510,24510260301,4505.000000,2677.000000,36707.000000,14.068781,78.13540510540,3
510,24510090400,1700.000000,968.000000,14718.000000,44.201183,84.23529411760,0
510,24510090700,3839.000000,2237.000000,25384.000000,24.921218,95.02474602760,0
510,24510120700,2297.000000,1621.000000,29654.000000,28.752182,32.21593382670,6
510,24510150900,3988.000000,2645.000000,36659.000000,13.003018,94.75927783350,0
510,24510150701,1921.000000,1211.000000,38500.000000,21.066388,96.19989588760,0
027,24027602100,6788.000000,4301.000000,94225.000000,1.187648,4.93517972893,0
510,24510280302,2449.000000,1468.000000,26432.000000,26.133116,94.69171090240,0
510,24510120300,3961.000000,2654.000000,26263.000000,23.297037,69.30068164600,4
510,24510120600,2848.000000,2297.000000,12281.000000,37.550719,45.61095505620,18
005,24005401501,8806.000000,5485.000000,42027.000000,10.052368,59.26640926640,28
005,24005401102,909.000000,628.000000,40357.000000,2.640264,69.30693069310,17
510,24510280301,4376.000000,2569.000000,24575.000000,27.231612,85.21480804390,0
510,24510080102,2421.000000,1421.000000,32054.000000,13.833333,94.01073936390,3
510,24510260302,6596.000000,4293.000000,36924.000000,12.454268,80.20012128560,2
005,24005450501,3935.000000,2811.000000,28732.000000,13.488610,4.34561626429,9
510,24510090800,4169.000000,2636.000000,27917.000000,26.724976,96.11417606140,9
510,24510260303,1750.000000,993.000000,11840.000000,55.085714,74.34285714290,2
510,24510080500,2293.000000,1448.000000,26688.000000,35.499346,96.99084169210,4
510,24510150400,3777.000000,2340.000000,20467.000000,33.275713,94.30765157530,1
510,24510130100,2965.000000,2072.000000,19448.000000,34.924966,87.65598650930,1
510,24510120400,1831.000000,1043.000000,20724.000000,37.356636,90.87930092850,0
510,24510080200,2506.000000,1380.000000,17284.000000,51.123596,98.16440542700,2
510,24510150600,3886.000000,2507.000000,20833.000000,38.427835,96.73185795160,4
510,24510130300,2855.000000,1751.000000,18781.000000,44.310954,95.93695271450,2
510,24510260401,2861.000000,1965.000000,25704.000000,22.550053,0.80391471514,2
510,24510150702,2601.000000,1875.000000,32989.000000,18.601942,97.61630142250,0
005,24005450900,3934.000000,2946.000000,51786.000000,2.496179,2.87239450941,5
510,24510130200,3088.000000,1763.000000,27356.000000,33.333333,90.77072538860,0
005,24005450504,5359.000000,3281.000000,26986.000000,15.431984,38.70125023330,5
510,24510080600,3459.000000,2095.000000,15783.000000,39.872130,98.35212489160,1
510,24510090900,3043.000000,1761.000000,16076.000000,43.571902,98.45547157410,0
005,24005450503,5908.000000,3325.000000,34770.000000,12.652646,52.91130670280,0
005,24005450400,2216.000000,1593.000000,48523.000000,4.132607,0.00000000000,3
510,24510120500,1679.000000,1083.000000,15335.000000,52.475845,91.42346634900,9
510,24510140100,5648.000000,3665.000000,22271.000000,25.056230,36.29603399430,4
510,24510140300,2741.000000,1861.000000,20465.000000,37.550274,98.32178037210,4
510,24510260404,1735.000000,1145.000000,31576.000000,23.801170,23.05475504320,5
510,24510150200,3193.000000,2037.000000,20308.000000,29.751024,96.30441590980,1
510,24510150300,2898.000000,1800.000000,26411.000000,17.513928,99.34437543130,0
510,24510150100,3336.000000,1732.000000,16702.000000,43.305187,96.88249400480,1
510,24510080302,3404.000000,2248.000000,29504.000000,17.907801,97.50293772030,0
510,24510080301,2598.000000,1632.000000,21385.000000,26.821705,99.42263279450,2
510,24510110200,4382.000000,3430.000000,19143.000000,27.519380,33.70607028750,47
510,24510080400,1763.000000,1059.000000,19148.000000,37.557078,100.00000000000,0
510,24510080700,1699.000000,938.000000,19476.000000,43.155310,97.41024131840,0
005,24005401504,5743.000000,4049.000000,70995.000000,2.489988,32.89221661150,7
005,24005401505,3479.000000,2508.000000,51330.000000,7.012460,38.14314458180,3
510,24510140200,3336.000000,1590.000000,20714.000000,44.651442,96.43285371700,4
510,24510160700,6180.000000,4028.000000,26200.000000,22.658166,98.18770226540,1
510,24510160500,4887.000000,3022.000000,26267.000000,22.723527,98.44485369350,3
005,24005452300,2940.000000,1832.000000,36679.000000,8.558713,1.83673469388,3
510,24510110100,3006.000000,2287.000000,29548.000000,17.708685,30.33932135730,5
005,24005401101,6721.000000,4316.000000,50823.000000,6.279976,56.70287159650,0
510,24510160802,3559.000000,2237.000000,32602.000000,20.101781,99.32565327340,0
510,24510080800,2257.000000,1285.000000,15429.000000,48.136646,94.46167478950,0
510,24510100100,2483.000000,1451.000000,30446.000000,19.643580,99.19452275470,1
510,24510280402,1873.000000,1253.000000,36316.000000,9.748259,92.52536038440,0
510,24510100400,963.000000,703.000000,11625.000000,44.356121,94.18483904470,1
510,24510170200,2802.000000,1741.000000,9010.000000,60.475162,95.71734475370,0
027,24027602600,4730.000000,3283.000000,41237.000000,11.566424,14.39746300210,5
005,24005401301,3818.000000,2446.000000,47978.000000,4.171067,51.65007857520,6
510,24510280401,3507.000000,2485.000000,41667.000000,6.014388,81.89335614490,4
510,24510160100,3208.000000,1988.000000,17245.000000,41.614713,99.78179551120,0
027,24027602200,7970.000000,5370.000000,81928.000000,3.833103,5.70890840652,15
510,24510070300,1798.000000,1005.000000,20348.000000,43.952968,88.76529477200,8
510,24510160200,2520.000000,1548.000000,19514.000000,33.174603,96.90476190480,0
510,24510160300,1639.000000,946.000000,22036.000000,33.976064,96.94935936550,1
510,24510160400,3504.000000,2121.000000,20840.000000,37.201953,99.77168949770,0
510,24510160801,3533.000000,2226.000000,33105.000000,14.022140,99.43390885930,0
510,24510100200,3467.000000,2212.000000,11546.000000,49.964639,95.35621574850,2
510,24510070200,3993.000000,2119.000000,26902.000000,34.912592,92.91259704480,3
510,24510070100,3021.000000,1654.000000,27412.000000,29.129427,86.36213174450,0
510,24510070400,1950.000000,1054.000000,13971.000000,48.358974,97.84615384620,2
005,24005452400,2823.000000,2159.000000,45574.000000,4.534183,5.52603613177,24
510,24510170100,1680.000000,1077.000000,19922.000000,42.665855,80.29761904760,7
510,24510100300,6095.000000,4479.000000,0.000000,0.000000,86.74323215750,0
005,24005451100,1897.000000,1213.000000,40982.000000,17.130621,38.74538745390,1
510,24510170300,1535.000000,1029.000000,10408.000000,47.185864,99.67426710100,0
510,24510160600,4121.000000,2622.000000,23362.000000,29.911591,97.40354282940,3
005,24005401302,2575.000000,1699.000000,39700.000000,5.861386,53.78640776700,2
510,24510261000,3100.000000,1936.000000,25212.000000,22.129032,42.80645161290,2
510,24510060400,2226.000000,1362.000000,18583.000000,37.459584,85.66936208450,5
510,24510060500,1148.000000,661.000000,12550.000000,49.692713,93.72822299650,1
510,24510050100,2773.000000,1684.000000,7944.000000,58.600793,91.16480346200,6
005,24005451000,1696.000000,1213.000000,56786.000000,6.442080,0.00000000000,2
510,24510060100,3443.000000,1775.000000,30461.000000,28.966521,58.23409817020,2
027,24027602900,3566.000000,2419.000000,44099.000000,4.565953,13.54458777340,2
510,24510060200,3548.000000,1980.000000,24359.000000,36.745782,67.70011273960,1
510,24510060300,1900.000000,1155.000000,20720.000000,37.459807,73.78947368420,2
510,24510260501,4906.000000,3626.000000,29017.000000,14.352941,7.39910313901,9
005,24005420500,3459.000000,2484.000000,34922.000000,6.846533,2.57299797629,1
510,24510040100,1658.000000,1282.000000,29094.000000,41.564039,41.61640530760,117
005,24005401503,6265.000000,4492.000000,65681.000000,1.787709,2.56983240223,7
510,24510040200,1320.000000,1071.000000,12857.000000,44.098361,46.28787878790,7
510,24510180100,2045.000000,1069.000000,9313.000000,51.784841,97.26161369190,2
510,24510200200,3413.000000,2198.000000,26949.000000,24.969400,98.68151186640,1
510,24510200600,2863.000000,1848.000000,30000.000000,23.545900,62.48690185120,3
510,24510200701,4903.000000,3358.000000,28617.000000,25.160489,98.18478482560,0
510,24510180200,1238.000000,917.000000,21154.000000,31.665063,96.36510500810,1
510,24510190100,2644.000000,1555.000000,18000.000000,42.611684,94.06202723150,0
510,24510030100,2427.000000,1409.000000,11119.000000,52.933884,76.88504326330,8
510,24510200100,2142.000000,1335.000000,23456.000000,27.741331,94.91129785250,0
510,24510280404,4050.000000,2477.000000,19713.000000,33.073526,93.58024691360,1
510,24510280403,5463.000000,3430.000000,40857.000000,9.570460,64.70803587770,0
005,24005420600,4238.000000,2839.000000,42224.000000,9.881423,2.02925908447,5
510,24510030200,1098.000000,885.000000,39706.000000,24.103586,19.12568306010,30
510,24510260800,2515.000000,1736.000000,25065.000000,30.701754,13.83697813120,3
510,24510010200,3335.000000,2368.000000,31971.000000,13.246832,17.42128935530,4
510,24510010300,1746.000000,1412.000000,33250.000000,13.802978,0.45819014891,3
510,24510020100,2008.000000,1338.000000,32593.000000,19.970120,12.74900398410,1
510,24510010500,1966.000000,1554.000000,37670.000000,15.290520,6.66327568667,1
510,24510260700,2007.000000,1269.000000,24271.000000,32.336821,7.52366716492,12
005,24005400702,1637.000000,1128.000000,43750.000000,4.824851,12.15638362860,3
510,24510020200,2202.000000,1545.000000,45588.000000,13.442325,14.25976385100,9
027,24027602303,3879.000000,2362.000000,102850.000000,1.392111,2.19128641402,9
005,24005400701,2618.000000,1845.000000,39550.000000,8.339798,17.41787624140,7
510,24510180300,2081.000000,1311.000000,24223.000000,33.027523,56.75156174920,7
510,24510190200,2276.000000,1441.000000,27643.000000,32.493369,38.84007029880,1
510,24510200702,1569.000000,959.000000,34756.000000,16.538462,94.13639260680,3
510,24510190300,2676.000000,1627.000000,20360.000000,43.128713,61.77130044840,3
510,24510200300,2295.000000,1171.000000,18804.000000,51.123843,56.16557734200,4
510,24510200400,2003.000000,1256.000000,22386.000000,32.251623,92.96055916130,2
005,24005420100,3656.000000,2758.000000,43197.000000,2.965736,0.30087527352,9
510,24510260900,2258.000000,1701.000000,32717.000000,13.389680,3.18866253322,12
510,24510261100,1819.000000,1313.000000,30028.000000,18.473451,3.02363936229,4
005,24005400600,2844.000000,2002.000000,45452.000000,4.641044,9.63431786217,0
510,24510200800,2481.000000,1561.000000,26628.000000,20.841847,73.59935509880,4
510,24510220100,4008.000000,3258.000000,51489.000000,18.657895,17.66467065870,37
005,24005400800,2709.000000,1909.000000,48257.000000,7.788852,37.20930232560,3
510,24510010400,2275.000000,1782.000000,45069.000000,18.681319,2.54945054945,20
510,24510210200,3449.000000,2010.000000,21033.000000,24.869110,37.51812119450,5
510,24510210100,2252.000000,1522.000000,23877.000000,30.741573,56.08348134990,6
510,24510020300,2397.000000,2004.000000,47917.000000,8.635795,2.87859824781,45
510,24510200500,3528.000000,2134.000000,22451.000000,33.342817,32.68140589570,9
005,24005400900,1778.000000,1134.000000,52806.000000,10.348706,38.75140607420,5
510,24510260605,4284.000000,3122.000000,33141.000000,17.533990,12.83846872080,19
510,24510010100,2866.000000,2379.000000,39353.000000,11.548363,3.21004884857,14
005,24005420701,2720.000000,2041.000000,33109.000000,8.636027,2.35294117647,5
005,24005420702,2132.000000,1421.000000,47778.000000,5.675422,0.00000000000,1
510,24510260604,2651.000000,1178.000000,8365.000000,65.937382,70.01131648430,0
510,24510250102,3247.000000,1901.000000,32199.000000,12.426219,82.90729904530,0
510,24510250101,3678.000000,2171.000000,32276.000000,16.173625,84.14899401850,0
510,24510240200,2078.000000,1611.000000,77340.000000,7.795958,0.00000000000,7
510,24510230100,1800.000000,1215.000000,32326.000000,29.166667,43.72222222220,8
027,24027602800,5195.000000,3381.000000,69519.000000,4.579710,10.22136669870,16
027,24027602304,4575.000000,3051.000000,101726.000000,1.470266,2.95081967213,1
510,24510230200,2335.000000,1744.000000,44414.000000,11.862955,2.22698072805,24
510,24510240300,2083.000000,1866.000000,53917.000000,6.663301,6.09697551608,2
027,24027602305,3854.000000,2430.000000,109480.000000,0.596783,3.96990140114,0
005,24005420301,1982.000000,1323.000000,39868.000000,11.178553,2.42179616549,0
005,24005400200,2557.000000,1703.000000,41890.000000,7.978099,6.92217442315,3
027,24027602306,4564.000000,3302.000000,75308.000000,2.541630,3.90008764242,10
510,24510240100,2111.000000,1526.000000,38224.000000,8.953103,0.00000000000,4
005,24005401000,2576.000000,1952.000000,49347.000000,2.745995,14.28571428570,4
510,24510250103,4012.000000,2984.000000,30000.000000,9.389417,11.78963110670,7
005,24005452500,3978.000000,2705.000000,45269.000000,6.874683,0.77928607340,1
510,24510250206,2555.000000,1766.000000,36136.000000,10.293542,2.85714285714,3
005,24005401400,1388.000000,1030.000000,66500.000000,4.106628,0.00000000000,1
510,24510230300,1318.000000,905.000000,31641.000000,22.256332,1.51745068285,2
005,24005400400,5573.000000,3915.000000,72241.000000,3.406414,4.45002691549,10
005,24005420302,2773.000000,1804.000000,40080.000000,10.845122,0.36062026686,0
005,24005420800,3363.000000,2389.000000,43308.000000,7.411835,3.53850728516,6
005,24005420303,1552.000000,1052.000000,48173.000000,1.487710,3.02835051546,5
510,24510240400,2368.000000,1764.000000,41458.000000,10.726351,1.22466216216,10
005,24005400100,4518.000000,3966.000000,44040.000000,3.503185,4.62594068172,0
510,24510250303,2360.000000,1535.000000,29757.000000,14.618644,5.12711864407,2
005,24005401601,356.000000,307.000000,0.000000,33.333333,39.32584269660,0
005,24005420200,2370.000000,1747.000000,39189.000000,13.004675,0.00000000000,2
510,24510250302,2201.000000,1029.000000,15943.000000,42.059497,98.09177646520,0
005,24005421000,1900.000000,1462.000000,24191.000000,8.631579,5.73684210526,1
005,24005420900,3937.000000,2585.000000,28774.000000,13.680449,9.85521971044,2
510,24510250301,1237.000000,761.000000,26650.000000,27.073171,78.90056588520,0
005,24005400500,2418.000000,1623.000000,78143.000000,2.481390,0.49627791563,2
005,24005420402,2152.000000,1486.000000,45096.000000,10.051667,2.32342007435,1
005,24005430900,4820.000000,3129.000000,31989.000000,13.212651,12.98755186720,9
027,24027602700,2639.000000,1667.000000,91398.000000,0.946746,4.73664266768,3
005,24005420401,5896.000000,3752.000000,48914.000000,7.360275,9.39620081411,0
005,24005430400,4297.000000,2969.000000,50605.000000,3.448276,7.47032813591,8
027,24027605101,8318.000000,5422.000000,117101.000000,1.334455,3.71483529695,7
005,24005401602,2516.000000,33.000000,8750.000000,100.000000,19.19713831480,0
005,24005430800,3534.000000,2548.000000,52861.000000,2.610670,1.69779286927,6
005,24005421101,3084.000000,2128.000000,37722.000000,11.640726,7.87937743191,2
510,24510250205,4369.000000,2555.000000,33405.000000,14.541231,54.15426871140,11
510,24510250207,2169.000000,1220.000000,21464.000000,29.552789,98.15583218070,3
005,24005421200,1956.000000,1315.000000,41382.000000,13.605794,1.17586912065,0
510,24510250204,3639.000000,1734.000000,13750.000000,57.103372,96.94971145920,0
005,24005421102,2268.000000,1710.000000,42281.000000,2.336861,3.08641975309,1
027,24027602302,5218.000000,3269.000000,81121.000000,2.491376,11.23035645840,21
510,24510250203,1873.000000,1045.000000,22240.000000,32.077503,99.14575547250,0
510,24510250600,93.000000,65.000000,35000.000000,21.505376,6.45161290323,1
005,24005430200,2901.000000,1999.000000,41100.000000,10.410203,4.92933471217,1
005,24005452000,2579.000000,1829.000000,36857.000000,3.981265,10.04265219080,1
027,24027601101,8131.000000,5178.000000,88925.000000,2.120054,9.92497847743,2
005,24005451900,2834.000000,1986.000000,48750.000000,9.781818,2.01129146083,2
005,24005452200,0.000000,0.000000,0.000000,0.000000,0.00000000000,0
005,24005430101,4301.000000,2415.000000,32669.000000,14.838256,31.55080213900,0
005,24005430700,5020.000000,3461.000000,51573.000000,8.164086,2.43027888446,2
005,24005430102,2733.000000,1857.000000,50250.000000,6.192065,0.00000000000,1
005,24005421300,3301.000000,2001.000000,28324.000000,24.465486,80.88458043020,1
005,24005430300,5789.000000,3233.000000,34025.000000,18.405015,19.89980998450,0
005,24005430600,2445.000000,1784.000000,61581.000000,3.517382,5.11247443763,1
510,24510250401,3478.000000,2267.000000,36188.000000,18.261122,9.80448533640,11
027,24027605401,5279.000000,3902.000000,62825.000000,9.016859,20.49630611860,0
027,24027606601,2966.000000,2078.000000,82064.000000,1.180040,21.44302090360,2
510,24510250500,5290.000000,3365.000000,21515.000000,32.340668,25.17958412100,4
005,24005452100,3707.000000,2569.000000,50854.000000,6.968547,3.66873482600,3
003,24003750102,2537.000000,1635.000000,39333.000000,6.148995,4.49349625542,0
027,24027601102,11371.000000,7488.000000,65140.000000,2.785614,10.32450971770,6
510,24510250402,4341.000000,2461.000000,22948.000000,36.392989,31.07578898870,0
027,24027605503,6221.000000,4154.000000,52177.000000,9.092377,30.39704227620,0
003,24003750101,3961.000000,2644.000000,38005.000000,10.758691,3.53446099470,9
027,24027605502,5330.000000,3785.000000,99237.000000,2.870544,20.78799249530,4
003,24003750300,2513.000000,1808.000000,51210.000000,4.809619,0.99482690012,9
003,24003750500,3587.000000,2591.000000,56750.000000,4.356380,0.66908279900,9
003,24003750202,3255.000000,2269.000000,52000.000000,7.619048,5.62211981567,2
027,24027605501,6396.000000,3583.000000,116271.000000,2.067993,5.84740462789,7
027,24027606605,9410.000000,6193.000000,66296.000000,5.895499,28.35281615300,4
003,24003750201,2802.000000,2052.000000,42208.000000,10.749432,30.01427551750,5
027,24027605402,5193.000000,3937.000000,56069.000000,5.126183,28.09551319080,29
027,24027601201,6422.000000,4138.000000,56693.000000,3.464493,7.95702273435,10
027,24027606603,7538.000000,4926.000000,56318.000000,9.537111,31.53356327940,6
003,24003750203,1187.000000,813.000000,38693.000000,4.128054,5.56023588880,0
003,24003750400,4071.000000,2971.000000,63750.000000,2.783937,2.13706705969,10
003,24003750600,501.000000,396.000000,55903.000000,5.189621,23.35329341320,6
027,24027605602,7284.000000,4826.000000,82610.000000,5.497526,18.17682591980,9
027,24027605601,6437.000000,4650.000000,61250.000000,6.685562,20.49091191550,0
027,24027606604,3718.000000,2543.000000,73872.000000,4.937602,30.31199569660,0
027,24027601202,5918.000000,3925.000000,57569.000000,4.863098,18.01284217640,8
003,24003751102,3386.000000,2592.000000,44769.000000,5.128965,31.63024217370,34
003,24003730100,6118.000000,4182.000000,61765.000000,5.335968,2.45178162798,7
027,24027606703,7190.000000,4680.000000,73199.000000,3.510490,25.46592489570,56
003,24003750803,6723.000000,4220.000000,40060.000000,11.915084,27.81496355790,0
027,24027605102,5781.000000,3815.000000,109432.000000,1.076389,4.42829960214,10
027,24027606704,6991.000000,4652.000000,70417.000000,5.902628,23.48734086680,4
027,24027606701,2715.000000,1823.000000,91383.000000,0.736648,5.63535911602,3
003,24003750804,3950.000000,2719.000000,51352.000000,5.037975,6.81012658228,7
003,24003750801,5376.000000,3739.000000,51207.000000,4.697735,3.45982142857,7
003,24003750700,924.000000,740.000000,59167.000000,3.508772,14.39393939390,15
003,24003751103,5699.000000,3789.000000,55142.000000,4.541454,3.71995086857,1
027,24027606705,2108.000000,1344.000000,75403.000000,2.514231,17.83681214420,7
003,24003750900,3064.000000,2165.000000,41156.000000,5.612077,4.27545691906,22
003,24003751000,3810.000000,2661.000000,48227.000000,4.197735,5.90551181102,14
027,24027606803,5668.000000,3762.000000,73077.000000,3.211009,12.27946365560,7
027,24027606901,5249.000000,3567.000000,58723.000000,6.416244,30.31053534010,14
003,24003740102,5854.000000,4511.000000,54429.000000,5.181951,37.46156474210,25
027,24027606804,3318.000000,2193.000000,72318.000000,4.671489,12.95961422540,0
003,24003731308,3518.000000,2633.000000,53634.000000,1.193860,0.00000000000,3
027,24027606802,7939.000000,4961.000000,98852.000000,1.435949,5.41629928203,4
003,24003730203,4918.000000,3127.000000,28269.000000,14.472341,20.84180561200,10
003,24003731306,5835.000000,3977.000000,66850.000000,4.478644,1.01113967438,2
003,24003731309,5536.000000,3493.000000,58958.000000,3.973149,2.98049132948,8
003,24003730401,4137.000000,2773.000000,47165.000000,6.085686,4.20594633793,4
003,24003740201,6909.000000,4431.000000,46503.000000,8.986810,19.38051816470,9
003,24003740103,7540.000000,5003.000000,76224.000000,1.206897,26.69761273210,4
003,24003730300,3093.000000,2101.000000,50550.000000,6.456846,2.65114775299,1
003,24003730204,5486.000000,3447.000000,55859.000000,10.730805,33.97739701060,4
027,24027606902,10208.000000,6455.000000,62775.000000,3.618130,18.72061128530,6
003,24003740202,2935.000000,2030.000000,74196.000000,3.963102,15.26405451450,1
003,24003731310,5418.000000,3381.000000,64489.000000,2.693165,3.67294204504,0
003,24003730402,5843.000000,3934.000000,45353.000000,8.819492,9.60123224371,17
003,24003740400,3275.000000,2708.000000,0.000000,0.000000,73.52671755730,0
003,24003731311,7416.000000,4637.000000,60259.000000,3.451996,4.00485436893,11
003,24003730503,7943.000000,4946.000000,41553.000000,8.288770,26.32506609590,10
003,24003740104,7061.000000,4101.000000,68386.000000,7.836723,44.14388896760,0
003,24003730502,5609.000000,3698.000000,62500.000000,2.272314,15.45730076660,3
003,24003731307,6005.000000,3717.000000,55093.000000,2.875773,6.26144879267,15
027,24027606903,9447.000000,6017.000000,55581.000000,5.500000,25.39430507040,9
003,24003740303,3597.000000,2403.000000,62609.000000,3.850446,11.00917431190,1
003,24003740203,4267.000000,2827.000000,69615.000000,2.093625,12.51464729320,0
003,24003731204,5233.000000,3623.000000,60693.000000,4.740883,4.77737435505,11
003,24003731303,6722.000000,4762.000000,71444.000000,3.842113,0.00000000000,1
003,24003740105,3443.000000,1669.000000,32170.000000,26.664711,67.49927388910,1
003,24003740602,3574.000000,1658.000000,39875.000000,5.618939,32.48461108000,4
003,24003740601,3767.000000,1691.000000,37625.000000,4.512875,20.12211308730,0
003,24003730504,7691.000000,4935.000000,57798.000000,5.408971,15.70667013390,8
003,24003741000,1680.000000,1177.000000,70192.000000,5.791045,5.23809523810,3
003,24003730603,2877.000000,1897.000000,80000.000000,6.195310,10.67083767810,3
003,24003740500,12775.000000,8582.000000,64317.000000,4.610041,31.66340508810,18
003,24003731202,7511.000000,5220.000000,64369.000000,3.516307,3.83437624817,4
003,24003740301,10502.000000,6427.000000,62204.000000,4.832998,34.16492096740,18
003,24003740603,2560.000000,1017.000000,55833.000000,7.238395,25.07812500000,3
003,24003741100,250.000000,70.000000,162500.000000,0.000000,65.60000000000,1
003,24003730601,6546.000000,4231.000000,104249.000000,1.789847,0.70271921784,0
003,24003731203,6898.000000,4544.000000,71722.000000,3.789535,9.42302116556,8
003,24003730604,6238.000000,4124.000000,93994.000000,1.704080,2.77332478358,5
003,24003740700,8292.000000,5474.000000,67491.000000,2.112251,11.26386878920,23
003,24003731201,6158.000000,4281.000000,84379.000000,1.572169,0.00000000000,13
003,24003740900,6841.000000,4535.000000,64929.000000,3.146495,13.27291331680,2
003,24003740800,4181.000000,2958.000000,77684.000000,1.666258,9.90193733557,2
003,24003730700,6650.000000,4646.000000,77672.000000,2.090226,2.48120300752,9
003,24003702100,6122.000000,4427.000000,80156.000000,4.121014,5.42306435805,2
003,24003731101,8139.000000,5178.000000,75248.000000,3.309051,5.75009214891,2
003,24003731102,7658.000000,5189.000000,70833.000000,2.210884,1.24053277618,5
003,24003731001,8022.000000,5218.000000,72000.000000,2.613153,1.99451508352,3
003,24003702203,2402.000000,1729.000000,119674.000000,0.509771,5.37052456286,0
003,24003730800,2288.000000,1694.000000,92904.000000,1.835664,0.87412587413,0
003,24003731103,5456.000000,3442.000000,67717.000000,3.917839,6.48826979472,4
003,24003731002,2542.000000,1711.000000,69778.000000,4.039604,12.27380015740,0
003,24003702202,15458.000000,9716.000000,71672.000000,3.590852,7.25837753914,10
003,24003702700,7968.000000,6145.000000,80252.000000,3.158934,9.02359437751,27
003,24003730902,3336.000000,2195.000000,81090.000000,2.997602,6.20503597122,1
003,24003702800,452.000000,382.000000,152338.000000,57.219251,51.32743362830,0
003,24003702401,4733.000000,4029.000000,60014.000000,2.893544,6.84555250370,1
003,24003702201,9154.000000,6415.000000,74510.000000,0.976305,4.32597771466,14
003,24003730901,3039.000000,2015.000000,80435.000000,3.027027,16.81474169130,3
003,24003702402,4790.000000,3832.000000,73009.000000,2.254697,2.31732776618,34
003,24003706600,5151.000000,3453.000000,43895.000000,15.067160,28.24694234130,20
003,24003706700,4264.000000,506.000000,63333.000000,0.000000,5.34709193246,1
003,24003702300,5265.000000,3638.000000,98664.000000,3.076923,1.55745489079,5
003,24003706101,3625.000000,2393.000000,41333.000000,18.677043,23.31034482760,48
003,24003706500,4337.000000,3077.000000,53750.000000,6.881269,31.79617246940,16
003,24003702500,5251.000000,3129.000000,48116.000000,18.286371,56.25595124740,4
003,24003706402,3288.000000,2331.000000,43750.000000,13.942608,41.81873479320,1
003,24003706401,5698.000000,4061.000000,52178.000000,8.479163,21.30572130570,0
003,24003706300,7828.000000,6164.000000,53324.000000,10.411344,16.50485436890,24
003,24003702601,5709.000000,3877.000000,75000.000000,4.115154,14.22315641970,2
003,24003701101,3725.000000,2588.000000,94562.000000,1.234899,2.87248322148,6
003,24003702602,5754.000000,4124.000000,94227.000000,2.030102,13.71220020860,3
003,24003701300,6995.000000,4769.000000,76671.000000,5.500645,7.86275911365,2
003,24003701102,6332.000000,4391.000000,58309.000000,3.633441,2.52684775742,22
003,24003701200,6827.000000,4768.000000,68920.000000,2.695181,1.71378350666,1
003,24003701400,2690.000000,1893.000000,85414.000000,4.377104,15.83643122680,2
003,24003707001,5702.000000,3813.000000,67844.000000,4.444054,11.43458435640,4
003,24003708000,8846.000000,6102.000000,57675.000000,5.564981,10.75062174990,7
003,24003707002,4762.000000,3220.000000,66172.000000,3.737925,4.93490130197,10