caseid,group,ppeducat,ppethm,ppgender,ppage
1,5,4,1,1,53
2,2,4,1,1,57
3,4,3,1,2,52
4,3,3,1,2,70
5,5,3,1,2,59
6,1,2,1,2,23
7,2,4,2,2,68
8,2,4,1,1,52
9,6,4,1,2,56
10,2,4,1,1,42
11,4,2,1,1,60
12,7,4,1,1,28 years
13,8,4,1,2,45
14,1,4,1,2,63
15,7,3,4,2,32
16,7,4,2,2,54
17,2,3,1,2,54
18,2,4,1,2,54
19,3,3,1,2,66
20,7,4,1,2,60
21,4,3,4,2,37
22,2,3,1,2,55
23,8,4,1,2,
24,4,3,1,2,59
25,8,4,1,2,61
26,4,4,1,2,31
27,1,4,1,2,25
28,2,2,1,2,59
29,8,4,1,1,49
30,3,4,1,2,63
31,7,4,2,2,37
32,7,4,1,1,66
33,5,4,2,2,69
34,5,4,1,2,64
35,6,3,1,2,41
36,5,4,4,2,41
37,5,4,1,2,32
38,1,3,1,2,50
39,7,2,1,2,44
40,6,2,1,2,53
41,7,4,1,2,32
42,8,3,4,2,61
43,8,4,1,2,58
44,7,4,1,2,42
45,2,4,1,2,46
46,1,4,1,2,59
47,3,4,2,2,30
48,9,4,1,2,68
49,4,3,1,2,22
50,1,4,1,2,31
51,9,3,1,2,69
52,2,3,1,2,29
53,6,4,2,2,50
54,9,4,1,1,56
55,1,4,1,2,75
56,5,3,1,1,58
57,6,4,2,2,61
58,3,4,1,2,45
59,6,3,1,2,50
60,3,4,1,2,52
61,5,3,1,2,66
62,9,4,1,2,39
63,4,4,2,1,28
64,4,4,2,2,34
65,3,3,1,2,54
66,9,4,2,2,55
67,8,3,1,2,29
68,8,3,1,2,63
69,9,4,1,2,50
70,4,4,2,2,60
71,8,3,1,2,65
72,6,4,1,1,55
73,8,4,1,1,65
74,8,1,1,2,63
75,3,4,1,1,54
76,5,4,1,2,41
77,9,3,1,2,66
78,2,4,1,2,63
79,4,4,1,2,51
80,9,4,1,1,42
81,6,2,1,2,60
82,7,4,1,2,48
83,6,4,1,2,28
84,6,4,1,2,69
85,3,4,1,1,53
86,7,4,1,2,29
87,9,4,1,2,50
88,1,4,3,1,59
89,2,3,1,1,69
90,1,2,1,1,49
91,1,4,1,2,62
92,2,3,2,1,51
93,4,3,1,2,65
94,7,4,1,1,60
95,3,4,1,1,59
96,8,4,1,2,65
97,7,3,1,2,59
98,3,3,2,1,54
99,8,4,1,2,42
100,2,4,1,2,64
101,5,3,1,1,55
102,3,4,1,2,41
103,2,4,1,2,52
104,5,4,1,2,43
105,1,3,1,2,56
106,2,4,1,2,58
107,2,4,1,2,57
108,6,4,1,1,61
109,1,3,5,2,60
110,1,4,1,2,79
111,4,4,1,2,41
112,8,4,1,1,70
113,5,3,1,2,49
114,6,3,1,2,44
115,7,3,1,1,75
116,7,4,1,2,46
117,1,4,1,2,
118,8,4,1,2,45
119,5,4,1,2,64
120,6,4,1,2,66
121,4,4,1,2,45
122,6,4,1,1,40
123,2,2,1,2,57
124,3,4,1,2,58
125,3,3,1,2,66
126,6,4,1,2,62
127,7,4,1,2,68
128,2,4,1,2,40
129,8,4,3,2,33
130,4,4,1,2,31
131,6,4,1,2,52
132,8,3,1,1,56
133,3,3,1,2,68
134,9,4,2,2,59
135,5,3,1,2,52
136,9,3,1,1,59
137,9,3,2,2,54
138,6,4,1,2,71
139,9,3,1,2,74
140,5,2,2,2,50
141,5,3,1,2,70
142,6,3,1,2,58
143,4,4,4,2,51
144,4,4,1,2,64
145,6,3,1,1,
146,8,3,1,2,62
147,7,4,3,1,37
148,1,3,4,2,62
149,7,4,1,1,78
150,2,3,2,2,40
151,3,4,1,2,61
152,3,4,3,2,44
153,3,4,5,2,44
154,8,3,1,2,52
155,8,2,1,2,30
156,8,4,4,2,66
157,3,4,1,2,63
158,1,4,1,2,63
159,4,4,1,2,70
160,5,3,1,2,58
161,9,4,1,2,36
162,4,4,1,2,45
163,7,4,1,2,60
164,4,4,1,2,66
165,3,2,2,2,72
166,9,4,1,2,43
167,4,4,1,2,52
168,9,4,1,2,77
169,4,4,1,2,53
170,7,3,1,2,68
171,3,4,1,2,67
172,8,3,1,2,52
173,7,4,1,1,52
174,8,4,1,2,60
175,6,4,1,2,30
176,8,4,1,1,55
177,8,4,1,2,38
178,7,4,1,2,55
179,6,4,1,2,63
180,7,3,1,2,53
181,7,3,1,1,
182,5,4,1,2,55
183,9,4,1,2,56
184,6,4,1,2,45
185,7,4,1,1,77
186,3,3,1,2,57
187,1,4,1,2,46
188,3,3,1,2,73
189,2,4,1,2,60
190,3,4,3,2,69
191,2,4,1,2,35
192,6,3,1,2,52
193,7,4,1,2,43
194,9,3,1,2,65
195,4,2,4,2,30
196,1,3,4,2,48
197,2,4,1,2,52
198,9,4,1,2,58
199,6,4,1,2,36
200,9,4,1,1,55
201,3,4,1,2,33
202,5,4,2,2,47
203,8,4,1,2,35
204,8,4,1,1,68
205,5,4,1,2,65
206,9,4,1,1,50
207,9,2,1,2,51
208,6,3,4,2,29
209,7,4,1,1,29
210,4,2,2,2,50
211,8,3,4,2,52
212,1,4,4,2,24
213,8,4,1,2,24
214,2,3,4,2,43
215,3,4,1,1,32
216,3,3,1,1,66
217,7,4,1,2,60
218,9,3,1,2,45
219,9,4,1,2,38
220,1,4,1,2,39
221,3,3,1,2,65
222,8,4,1,1,63
223,6,2,1,1,70
224,2,3,1,1,63
225,1,3,1,2,69
226,7,2,1,2,65
227,8,4,4,1,35
228,6,3,1,2,62
229,3,3,1,2,31
230,5,4,1,2,35
231,7,4,1,2,47
232,4,3,1,2,56
233,9,3,5,2,75
234,1,4,1,1,35
235,8,4,1,2,45
236,3,3,1,2,62
237,9,3,1,2,63
238,3,4,3,2,59
239,4,3,1,2,41
240,7,4,1,2,32
241,4,4,3,2,36
242,1,4,1,2,54
243,5,4,4,1,29
244,2,4,1,1,58
245,3,4,1,2,60
246,3,4,2,1,49
247,8,4,3,1,54
248,1,4,1,2,46
249,7,4,2,2,32
250,7,4,1,2,64
251,9,4,1,2,54
252,8,4,1,1,34
253,8,3,2,2,34
254,9,4,2,2,31
255,8,4,2,2,34
256,1,3,1,2,59
257,5,4,2,2,33
258,6,4,1,2,33
259,7,4,1,2,28
260,2,3,4,2,23
261,7,2,1,2,22
262,2,4,1,2,49
263,8,3,1,2,63
264,1,3,1,2,52
265,7,2,1,2,27
266,8,4,1,1,38
267,7,4,3,2,34
268,8,3,1,2,51
269,2,4,2,2,32
270,2,3,4,1,27
271,9,4,1,2,34
272,4,4,3,1,34
273,2,4,1,2,60
274,5,3,1,2,39
275,1,4,4,2,45
276,4,4,1,2,24
277,9,4,1,2,57
278,4,4,5,2,61
279,7,4,4,2,30
280,7,4,1,1,50
281,7,4,3,2,29
282,8,4,1,2,32
283,2,4,1,2,47
284,1,4,1,2,56
285,1,4,2,2,44
286,3,3,1,2,45
287,6,4,1,1,45
288,1,4,1,2,56
289,8,4,1,2,72
290,3,4,1,2,37
291,4,2,4,2,37
292,6,3,1,2,26
293,3,4,4,2,28
294,7,4,1,2,67
295,5,3,1,2,37
296,4,4,1,2,32
297,6,3,1,2,36
298,6,4,1,2,51
299,4,3,1,1,65
300,9,3,1,2,63
301,8,3,1,2,54
302,9,2,4,2,27
303,9,4,1,2,46
304,7,4,3,1,48
305,5,4,1,2,54
306,8,4,1,2,36
307,2,4,1,1,42
308,5,4,3,2,37
309,3,3,1,2,30
310,1,2,2,2,36
311,2,4,1,1,32
312,2,4,1,1,37
313,6,3,1,2,35
314,6,4,1,2,35
315,8,4,1,1,34
316,6,3,1,2,36
317,7,3,1,2,37
318,1,4,1,2,36
319,1,4,1,2,67
320,8,4,1,2,40
321,5,3,1,2,54
322,6,2,1,2,58
323,2,3,1,2,56
324,9,4,1,2,76
325,6,3,1,2,60
326,5,4,1,2,30
327,4,4,1,2,34
328,5,4,1,2,37
329,4,4,1,2,35
330,3,3,1,2,36
331,8,4,1,2,36
332,8,4,3,2,36
333,4,4,1,2,51
334,7,2,4,2,52
335,6,3,4,2,58
336,5,4,3,1,42
337,2,4,1,2,60
338,4,3,1,2,62
339,3,4,1,2,61
340,6,4,1,1,35
341,8,2,2,2,59
342,4,4,3,2,29
343,4,4,1,2,34
344,4,4,1,2,51
345,3,4,1,2,62
346,6,3,1,1,23
347,3,4,1,2,31
348,6,2,3,2,40
349,7,4,1,2,60
350,2,3,1,2,23
351,2,4,5,2,40
352,6,4,1,2,50
353,7,3,1,2,41
354,9,4,1,2,52
355,1,3,2,2,49
356,3,4,1,2,53
357,2,3,1,2,41
358,4,4,1,2,59
359,7,3,1,2,54
360,2,4,1,2,30
361,5,3,5,1,45
362,5,4,1,2,56
363,7,4,1,2,64
364,5,3,1,2,61
365,6,4,1,1,78
366,5,4,1,1,58
367,5,4,1,2,43
368,9,4,1,2,30
369,1,3,1,2,51
370,4,2,1,2,26
371,8,4,1,2,62
372,2,2,2,2,38
373,2,4,1,2,40
374,9,2,1,2,60
375,7,4,1,2,58
376,6,3,4,2,22
377,8,3,4,2,55
378,3,3,1,2,46
379,5,4,1,1,46
380,1,4,1,2,71
381,9,2,2,2,62
382,4,4,2,1,23
383,6,4,5,1,58
384,5,4,2,2,74
385,6,3,1,2,30
386,9,4,1,2,39
387,6,4,1,1,40
388,5,4,1,2,42
389,4,4,1,2,61
390,8,2,1,2,43
391,6,4,1,2,66
392,7,4,1,2,71
393,5,4,2,2,29
394,8,4,3,2,65
395,4,3,1,2,54
396,2,3,1,2,63
397,2,4,3,2,32
398,9,4,1,2,62
399,2,3,1,2,40
400,8,3,1,2,65
401,4,4,1,2,46
402,7,3,1,2,55
403,9,3,1,2,67
404,6,4,1,2,53
405,5,4,1,2,41
406,3,2,1,2,60
407,5,4,1,1,46
408,2,4,1,2,64
409,6,4,1,2,64
410,9,4,2,2,44
411,1,4,4,2,58
412,9,4,1,2,60
413,3,3,4,1,58
414,7,3,1,2,55
415,8,2,4,2,34
416,4,3,1,2,58
417,5,4,4,2,55
418,8,4,1,2,59
419,5,4,1,2,28
420,1,4,1,1,62
421,5,3,1,2,46
422,1,4,1,2,65
423,6,4,1,2,26
424,8,3,1,2,56
425,6,4,1,2,60
426,3,4,1,1,34
427,1,3,4,2,33
428,2,4,1,1,37
429,3,4,1,2,41
430,1,3,1,2,45
431,1,4,1,2,52
432,6,3,1,2,54
433,3,3,1,2,32
434,8,4,2,2,34
435,7,2,4,2,50
436,9,2,1,2,72
437,9,1,4,2,43
438,3,3,4,2,41
439,2,3,4,2,57
440,1,4,1,2,31
441,6,2,2,2,22
442,6,4,1,2,66
443,3,4,1,2,59
444,4,4,1,1,35
445,2,3,1,1,57
446,3,4,1,2,57
447,5,4,1,2,70
448,6,3,2,2,57
449,7,4,1,2,64
450,6,2,4,2,39
451,4,3,4,1,50
452,2,3,1,2,55
453,8,3,2,2,65
454,2,4,3,1,30
455,9,4,1,1,69
456,8,4,1,2,67
457,1,4,1,1,30
458,7,3,1,2,64
459,4,3,1,1,62
460,8,4,3,2,44
461,2,4,1,2,38
462,9,4,1,2,57
463,2,4,1,2,48
464,9,4,1,2,51
465,2,2,1,2,24
466,4,4,1,2,37
467,7,4,1,2,26
468,7,2,1,2,66
469,2,4,3,1,51
470,2,4,1,2,45
471,3,4,4,1,47
472,4,3,4,2,41
473,8,3,2,2,29
474,1,3,1,2,38
475,5,4,2,2,36
476,1,4,1,2,25
477,7,4,1,1,64
478,7,4,3,2,61
479,5,4,1,2,41
480,6,3,1,1,63
481,1,4,4,2,55
482,6,4,1,2,41
483,2,4,1,2,53
484,3,4,1,2,34
485,9,3,2,2,51
486,4,4,1,2,57
487,5,3,1,2,48
488,2,4,4,2,51
489,3,4,4,1,70
490,9,3,1,2,60
491,7,4,1,2,47
492,4,4,1,2,40
493,5,4,1,2,44
494,1,3,2,2,57
495,7,4,1,2,52
496,1,4,3,1,54
497,9,4,1,1,57
498,9,4,1,2,28
499,2,4,3,2,39
500,4,4,1,2,44
501,6,3,1,1,55
502,8,3,1,2,47
503,3,3,1,2,19
504,8,4,3,1,53
505,9,3,5,2,41
506,1,3,1,2,37
507,3,3,1,2,59
508,8,4,1,2,44
509,9,4,1,2,30
510,8,3,1,2,60
511,5,4,1,2,65
512,3,3,2,2,58
513,6,4,2,2,32
514,9,4,1,2,33
515,1,4,1,1,62
516,2,4,3,2,40
517,2,3,5,2,30
518,2,4,1,2,55
519,3,4,1,2,32
520,5,4,1,2,65
521,9,3,1,2,54
522,2,4,1,2,48
523,8,4,1,2,49
524,3,4,1,1,32
525,7,4,1,2,36
526,1,4,1,2,36
527,9,4,1,2,63
528,5,4,4,1,58
529,4,4,1,2,38
530,7,4,1,2,69
531,9,3,1,2,63
532,1,2,1,2,40
533,7,4,1,2,54
534,7,4,1,2,61
535,4,3,1,1,57
536,3,4,1,2,44
537,5,4,2,2,57
538,3,4,1,1,36
539,6,4,1,2,37
540,1,4,1,1,59
541,1,4,1,2,38
542,5,4,1,2,73
543,1,1,4,1,63
544,6,4,1,2,56
545,9,4,1,2,36
546,4,2,4,2,31
547,3,4,2,2,31
548,8,4,1,1,78
549,6,3,1,2,64
550,9,3,1,2,28
551,1,4,1,2,32
552,9,4,1,2,36
553,7,4,1,2,50
554,6,4,1,2,60
555,1,4,1,1,42
556,4,4,3,2,49
557,7,3,4,1,47
558,2,4,1,2,78
559,1,3,1,2,51
560,6,3,1,2,28
561,3,3,1,2,55
562,3,3,2,2,37
563,3,4,1,2,62
564,8,3,1,2,59
565,9,3,1,2,59
566,8,3,1,2,54
567,4,4,2,2,62
568,2,4,1,2,39
569,7,3,2,2,27
570,8,4,1,2,39
571,1,3,1,2,64
572,8,4,1,1,71
573,1,4,4,2,33
574,7,3,1,2,60
575,1,4,5,2,51
576,4,3,1,2,56
577,5,3,1,2,33
578,8,3,5,2,45
579,9,4,3,2,50
580,1,4,1,2,48
581,3,3,1,2,21
582,7,4,1,1,40
583,7,1,2,2,63
584,3,4,1,1,32
585,9,4,1,2,36
586,5,3,1,2,62
587,8,4,1,2,68
588,4,4,1,2,46
589,6,4,1,1,36
590,6,4,1,2,65
591,2,4,1,2,49
592,9,4,1,2,48
593,7,3,2,2,69
594,2,4,3,2,39
595,8,3,1,2,41
596,1,2,1,2,49
597,3,2,1,2,43
598,1,3,1,2,52
599,4,4,1,2,51
600,1,3,1,1,52
601,4,2,1,2,62
602,9,3,1,2,60
603,2,4,1,1,31
604,4,3,1,2,47
605,5,3,1,1,53
606,2,4,1,2,35
607,2,4,4,1,44
608,4,4,1,2,58
609,4,4,1,2,57
610,8,3,4,2,42
611,3,2,1,2,62
612,4,3,1,2,61
613,4,3,1,2,34
614,8,3,1,1,51
615,6,3,2,2,59
616,6,4,1,2,34
617,5,4,1,2,39
618,2,4,1,1,35
619,3,3,1,2,34
620,9,3,2,2,67
621,4,4,1,2,53
622,5,4,1,2,34
623,6,3,1,2,64
624,6,3,1,2,62
625,2,4,2,2,52
626,8,3,1,2,55
627,1,3,4,2,35
628,7,4,1,2,55
629,5,4,1,1,39
630,7,4,1,2,52
631,1,4,1,1,74
632,7,4,1,2,38
633,9,4,1,2,48
634,1,3,1,2,53
635,6,4,2,2,58
636,5,3,2,2,64
637,8,4,1,1,45
638,2,2,2,2,35
639,5,4,3,2,31
640,6,4,1,1,59
641,4,4,1,1,64
642,5,4,1,2,34
643,8,4,1,2,61
644,6,3,1,2,35
645,6,4,1,2,49
646,2,3,1,2,63
647,8,4,1,2,42
648,8,4,1,2,65
649,1,3,1,1,44
650,8,4,1,2,41
651,2,3,1,2,62
652,4,3,1,2,41
653,8,3,4,2,59
654,9,3,1,1,39
655,4,4,1,2,60
656,6,4,1,2,44
657,7,3,1,2,61
658,1,4,1,2,65
659,6,4,1,2,63
660,5,3,1,2,45
661,1,3,1,2,58
662,6,4,1,1,35
663,4,3,1,2,53
664,1,2,1,2,62
665,2,3,1,2,65
666,8,4,1,2,64
667,7,4,1,2,56
668,2,3,1,2,58
669,3,4,1,2,40
670,7,4,1,2,32
671,6,4,1,2,60
672,9,4,1,2,56
673,1,2,1,2,56
674,7,4,1,2,61
675,1,3,3,1,62
676,7,4,1,2,48
677,5,3,4,2,53
678,5,3,4,2,34
679,1,3,1,2,23
680,1,4,1,1,53
681,4,4,1,2,43
682,6,4,1,1,32
683,5,4,1,2,29
684,9,4,2,2,37
685,4,3,3,2,53
686,7,3,1,2,46
687,2,3,1,2,25
688,4,4,1,2,44
689,2,3,4,2,42
690,8,3,4,2,45
691,6,4,1,2,46
692,7,4,1,2,52
693,8,4,1,2,54
694,5,4,3,1,30
695,2,3,1,2,44
696,1,4,1,2,69
697,9,4,2,2,45
698,5,4,1,1,59
699,7,4,1,1,35
700,9,4,3,2,54
701,6,4,1,2,34
702,7,4,5,1,52
703,6,3,1,2,54
704,2,3,1,2,64
705,7,4,2,2,37
706,2,4,2,2,59
707,9,4,1,2,41
708,3,3,1,2,48
709,1,4,1,2,35
710,4,3,2,2,47
711,9,3,1,2,24
712,5,3,1,2,63
713,5,4,1,2,63
714,3,4,2,2,27
715,8,4,1,2,58
716,7,3,4,2,55
717,9,4,1,1,65
718,3,4,1,1,61
719,7,4,3,2,45
720,7,4,1,2,60
721,6,3,1,2,60
722,4,3,2,1,66
723,4,4,4,2,50
724,6,4,1,2,68
725,1,3,4,2,24
726,3,3,1,2,31
727,6,4,1,2,44
728,5,3,1,2,37
729,9,4,1,2,61
730,3,3,1,2,40
731,3,4,1,2,39
732,3,3,2,2,72
733,6,3,1,2,28
734,3,4,2,2,61
735,7,2,1,2,63
736,3,3,1,2,60
737,1,4,1,2,37
738,1,4,4,1,50
739,3,4,4,2,26
740,2,2,2,1,46
741,9,4,1,1,29
742,5,3,1,2,26
743,4,4,5,1,28
744,8,4,1,2,30
745,4,3,1,2,44
746,2,4,3,2,25
747,1,3,5,1,43
748,9,4,1,1,31
749,8,4,1,1,26
750,3,4,1,2,27
751,3,4,4,2,39
752,2,4,4,1,53
753,2,3,1,2,58
754,1,4,1,2,42
755,8,4,2,2,40
756,5,4,1,2,27
757,9,3,1,2,41
758,7,4,1,2,37
759,5,2,1,2,69
760,9,4,1,2,29
761,1,3,1,1,55
762,9,4,1,1,61
763,4,4,1,1,65
764,8,3,1,2,43
765,1,3,1,2,72
766,6,4,1,1,63
767,4,3,1,2,22
768,7,4,1,2,62
769,3,4,1,2,46
770,5,2,2,2,56
771,9,4,2,1,65
772,2,4,1,2,58
773,7,4,2,1,39
774,7,3,1,2,30
775,5,3,1,2,41
776,7,3,4,2,50
777,8,3,1,2,55
778,6,3,1,2,63
779,4,3,4,1,47
780,8,4,1,2,26
781,6,4,2,2,55
782,8,4,1,2,29
783,8,4,1,2,31
784,7,4,1,2,49
785,9,4,1,2,55
786,2,3,1,2,58
787,4,4,1,2,64
788,2,4,3,2,28
789,9,4,1,2,28
790,8,4,1,1,23
791,1,4,1,2,29
792,1,3,4,2,29
793,2,4,1,1,62
794,5,3,2,2,28
795,8,4,1,2,74
796,9,3,1,2,41
797,6,4,2,2,27
798,5,4,1,2,25
799,7,4,3,1,32
800,8,4,1,2,24
801,2,4,1,2,57
802,6,3,1,2,46
803,8,3,1,2,33
804,4,4,1,1,32
805,5,4,3,2,28
806,2,2,4,2,24
807,3,4,5,2,37
808,4,3,4,2,30
809,5,4,1,1,27
810,6,4,1,1,61
811,9,4,1,2,38
812,2,4,1,2,62
813,3,4,1,2,27
814,2,4,1,2,39
815,2,4,3,2,38
816,6,4,1,2,24
817,4,3,4,1,37
818,1,3,4,2,62
819,7,2,2,2,36
820,5,3,1,1,44
821,6,4,1,2,54
822,7,4,2,2,67
823,9,3,1,2,56
824,8,3,1,2,50
825,2,3,1,2,30
826,4,4,4,1,54
827,6,4,4,2,58
828,7,4,1,2,58
829,4,4,3,2,29
830,8,4,1,2,46
831,4,3,1,2,52
832,8,4,1,1,48
833,7,3,1,2,54
834,1,3,1,2,29
835,4,3,1,2,44
836,3,3,1,2,32
837,1,4,1,2,26
838,9,4,1,1,61
839,9,2,1,2,26
840,5,4,1,2,63
841,5,3,4,2,30
842,3,3,1,2,23
843,1,3,1,1,28
844,8,4,1,2,30
845,1,4,1,2,29
846,1,4,1,1,27
847,6,4,1,1,26
848,5,4,2,2,24
849,4,4,1,2,26
850,9,4,1,2,25
851,5,4,1,2,27
852,9,4,1,2,34
853,7,4,1,2,23
854,6,3,3,2,21
855,9,4,1,2,27
856,5,4,3,1,27
857,4,4,3,2,28
858,2,4,1,2,25
859,7,4,1,2,28
860,9,4,1,2,24
861,3,4,4,2,24
862,9,4,1,2,28
863,3,4,1,2,62
864,2,2,1,2,60
865,4,3,1,2,56
866,5,3,2,2,59
867,4,1,2,2,47
868,8,4,1,2,55
869,9,4,1,2,29
870,2,3,1,1,56
871,1,4,1,2,53
872,9,3,1,2,23
873,9,3,1,2,62
874,6,3,1,2,45
875,2,4,1,2,44
876,3,3,1,2,24
877,2,3,2,2,32
878,3,3,1,2,58
879,5,3,1,1,35
880,6,4,1,2,55
881,7,4,1,1,30
882,5,4,1,2,51
883,9,4,1,2,33
884,5,1,4,2,60
885,3,2,1,1,31
886,4,3,1,2,25
887,6,1,2,2,39
888,1,3,1,2,61
889,3,4,1,1,62
890,7,3,5,2,26
891,8,4,1,2,58
892,1,3,4,2,25
893,1,4,1,1,26
894,4,2,1,2,57
895,4,4,1,2,55
896,6,4,1,2,53
897,6,4,1,1,30
898,6,3,5,2,53
899,8,4,1,2,64
900,6,4,1,2,63
901,8,4,4,1,31
902,1,4,1,2,50
903,1,3,1,2,28
904,7,4,1,2,59
905,6,4,1,2,52
906,5,4,1,2,30
907,8,4,2,2,25
908,6,4,1,2,26
909,4,4,1,2,24
910,9,4,1,2,25
911,9,4,1,2,24
912,2,4,1,2,26
913,8,4,1,2,26
914,5,4,1,2,60
915,4,1,4,2,29
916,3,4,1,2,49
917,8,3,1,2,34
918,8,4,1,2,34
919,1,4,1,1,31
920,6,4,1,2,26
921,9,3,2,2,59
922,4,2,2,2,59
923,9,3,1,1,35
924,5,4,2,2,32
925,9,4,1,2,46
926,7,4,1,2,43
927,3,4,1,2,40
928,8,4,1,2,60
929,4,3,1,1,62
930,7,2,1,2,22
931,3,4,1,2,32
932,7,4,1,2,31
933,4,4,1,2,49
934,8,4,1,2,37
935,9,3,1,2,36
936,5,4,1,2,55
937,7,4,1,2,52
938,4,3,1,1,34
939,9,3,1,2,42
940,3,4,1,2,49
941,1,4,3,1,44
942,1,3,1,2,24
943,2,4,1,2,54
944,6,3,1,2,69
945,8,2,2,2,47
946,9,4,1,1,48
947,3,3,1,2,37
948,5,4,1,2,28
949,9,4,1,2,40
950,5,4,1,1,30
951,1,4,4,2,24
952,7,3,2,2,51
953,1,4,1,1,55
954,1,3,1,2,63
955,5,4,1,2,66
956,3,4,1,2,27
957,1,4,1,2,37
958,7,3,4,2,63
959,7,4,4,2,40
960,1,3,1,2,28
961,5,4,1,2,51
962,7,2,1,2,56
963,6,3,2,2,26
964,5,4,4,2,32
965,6,1,1,2,34
966,9,4,1,1,65
967,6,4,1,2,56
968,9,4,4,1,57
969,1,4,1,2,49
970,3,4,3,2,38
971,6,3,1,2,28
972,3,4,1,2,57
973,9,3,1,2,52
974,9,4,4,2,47
975,1,4,1,2,43
976,4,4,1,2,55
977,9,3,1,2,64
978,1,3,5,2,49
979,5,4,1,1,57
980,6,4,1,1,39
981,3,4,1,1,32
982,9,4,1,1,61
983,9,3,1,2,50
984,2,4,1,2,45
985,1,4,1,2,37
986,2,3,1,2,41
987,7,4,1,2,59
988,5,4,1,2,33
989,9,4,1,2,38
990,9,4,1,1,60
991,7,4,1,2,38
992,7,4,1,2,48
993,1,4,4,1,39
994,2,2,4,2,64
995,7,3,1,2,54
996,7,4,1,2,53
997,4,3,1,2,34
998,6,4,1,2,61
999,4,4,1,1,63
1000,4,3,3,2,39
1001,7,2,1,2,48
1002,1,4,3,1,35
1003,6,4,1,2,56
1004,2,4,4,2,48
1005,8,4,1,2,41
1006,4,3,1,2,65
1007,8,3,2,2,60
1008,2,4,4,2,41
1009,7,4,1,2,25
1010,3,4,4,1,38
1011,1,4,1,2,35
1012,1,4,4,2,28
1013,4,4,2,2,58
1014,7,4,1,2,57
1015,8,4,1,2,65
1016,4,2,2,2,56
1017,5,4,4,2,29
1018,4,4,1,2,37
1019,9,2,2,2,49
1020,3,4,1,2,31
1021,1,4,1,2,55
1022,8,2,4,2,38
1023,1,4,1,2,86
1024,8,4,1,2,35
1025,1,3,1,2,26
1026,3,3,1,2,38
1027,3,4,1,1,62
1028,1,4,1,2,25
1029,7,4,4,1,50
1030,7,4,1,2,34
1031,6,4,1,2,53
1032,5,4,4,1,34
1033,7,4,1,2,35
1034,2,4,1,1,53
1035,3,4,1,2,31
1036,1,3,1,2,41
1037,9,3,1,2,27
1038,8,4,1,2,28
1039,5,4,1,2,32
1040,4,4,1,2,50
1041,5,4,1,2,26
1042,4,4,1,2,29
1043,3,4,1,2,62
1044,5,4,1,2,54
1045,3,3,1,2,45
1046,4,2,1,2,57
1047,3,2,3,1,48
1048,6,3,1,2,43
1049,9,4,2,2,39
1050,7,3,4,2,37
1051,5,4,1,2,34
1052,1,3,1,2,45
1053,7,4,3,2,35
1054,9,3,1,2,23
1055,5,4,4,1,43
1056,6,4,1,2,31
1057,1,4,1,2,31
1058,5,3,2,2,66
1059,2,2,1,2,71
1060,3,3,1,2,20
1061,9,4,1,2,43
1062,7,3,2,2,39
1063,4,4,2,2,50
1064,1,4,1,2,33
1065,3,3,2,2,34
1066,2,4,1,2,57
1067,3,4,1,2,62
1068,2,4,1,2,41
1069,9,4,2,2,53
1070,8,4,1,1,70
1071,6,4,1,2,46
1072,5,4,1,2,31
1073,9,4,1,1,29
1074,4,4,1,2,59
1075,4,4,1,2,71
1076,8,3,2,2,62
1077,6,3,1,2,27
1078,4,3,1,2,47
1079,3,4,1,2,38
1080,8,3,4,2,64
1081,3,4,1,2,33
1082,6,4,1,2,40
1083,2,3,4,2,63
1084,4,4,1,1,49
1085,9,4,1,2,68
1086,4,3,1,1,49
1087,7,4,1,2,33
1088,7,4,1,2,32
1089,8,3,1,2,47
1090,9,4,1,2,42
1091,2,4,1,2,42
1092,4,4,1,2,65
1093,6,3,1,2,50
1094,5,4,1,2,45
1095,2,3,4,1,60
1096,8,4,1,2,37
1097,6,3,2,2,48
1098,9,3,1,2,36
1099,2,3,1,2,45
1100,8,4,1,2,36
1101,3,2,4,2,47
1102,2,4,1,2,38
1103,5,3,1,2,32
1104,7,4,1,2,67
1105,4,3,4,2,35
1106,2,3,1,2,39
1107,8,4,1,2,30
1108,5,4,4,1,28
1109,5,4,1,1,73
1110,3,4,1,2,62
1111,4,4,1,2,64
1112,6,4,1,2,29
1113,1,3,1,2,45
1114,7,4,1,1,41
1115,9,4,1,2,45
1116,3,3,1,2,42
1117,6,3,1,1,29
1118,4,3,2,2,63
1119,4,4,1,2,30
1120,5,3,1,2,55
1121,2,2,1,2,59
1122,3,4,1,2,34
1123,9,4,1,2,34
1124,7,4,3,2,37
1125,7,3,1,2,49
1126,8,3,1,1,62
1127,1,4,1,2,25
1128,1,4,1,2,47
1129,8,4,1,2,29
1130,5,4,2,1,45
1131,4,2,2,2,55
1132,3,3,4,2,26
1133,9,4,1,2,32
1134,5,3,4,2,56
1135,4,2,2,2,45
1136,7,3,1,2,28
1137,6,4,1,2,71
1138,4,4,1,2,27
1139,5,3,4,2,33
1140,2,4,1,2,27
1141,9,3,1,2,31
1142,2,4,2,1,30
1143,7,4,1,2,28
1144,4,3,1,2,52
1145,9,4,1,2,33
1146,5,3,1,2,64
1147,7,4,1,2,64
1148,4,4,1,2,44
1149,2,4,1,2,68
1150,8,3,1,2,46
1151,1,3,1,2,39
1152,3,3,3,2,50
1153,9,3,1,2,61
1154,2,3,1,2,29
1155,9,4,1,1,42
1156,7,3,2,2,48
1157,7,4,1,2,59
1158,7,3,1,2,48
1159,3,3,1,2,39
1160,8,4,2,2,65
1161,9,4,1,2,51
1162,3,4,1,2,32
1163,5,3,4,2,27
1164,7,3,4,1,54
1165,1,4,1,1,31
1166,3,4,3,2,53
1167,3,4,3,2,53
1168,3,3,1,1,56
1169,6,3,2,2,53
1170,2,4,1,2,44
1171,1,4,1,1,35
1172,6,4,1,2,37
1173,5,4,1,1,55
1174,4,4,1,2,56
1175,3,4,1,2,60
1176,6,4,1,2,26
1177,5,4,4,1,38
1178,2,4,2,2,56
1179,2,3,1,2,52
1180,3,4,1,2,28
1181,3,4,1,2,61
1182,7,4,5,2,36
1183,9,3,1,1,34
1184,7,3,1,2,52
1185,7,4,1,2,66
1186,7,3,4,2,31
1187,4,3,5,2,36
1188,1,4,1,2,61
1189,7,4,2,2,47
1190,2,4,1,2,40
1191,1,4,2,1,45
1192,6,3,4,2,29
1193,9,3,2,2,45
1194,4,3,1,2,29
1195,4,3,1,2,46
1196,4,3,1,1,76
1197,5,2,1,2,24
1198,6,4,1,2,29
1199,2,2,1,2,46
1200,4,3,1,2,37
1201,4,3,5,2,53
1202,3,3,1,2,40
1203,9,4,1,2,28
1204,5,3,1,2,44
1205,4,4,2,2,62
1206,1,4,1,2,22
1207,6,4,5,2,35
1208,3,3,4,2,51
1209,9,4,1,2,57
1210,2,4,1,2,30
1211,5,4,1,1,46
1212,7,4,1,2,33
1213,5,4,1,2,44
1214,7,3,1,2,38
1215,8,2,2,2,59
1216,5,3,2,2,23
1217,7,4,1,2,39
1218,8,3,2,2,67
1219,4,3,1,1,67
1220,9,3,1,2,41
1221,6,3,2,2,66
1222,8,1,2,2,51
1223,2,3,1,2,48
1224,7,3,2,2,43
1225,5,4,1,2,34
1226,3,3,1,2,19
1227,6,4,1,2,53
1228,7,4,4,2,53
1229,1,3,4,2,28
1230,1,2,1,2,65
1231,7,3,2,2,43
1232,5,4,1,1,38
1233,8,4,1,2,37
1234,3,3,1,2,30
1235,3,3,2,2,43
1236,4,3,1,1,65
1237,2,3,1,2,36
1238,3,4,1,1,29
1239,6,4,1,2,30
1240,4,4,4,1,26
1241,5,4,4,2,35
1242,4,4,4,1,63
1243,9,4,4,1,44
1244,3,4,1,2,63
1245,6,3,1,2,58
1246,5,4,1,2,37
1247,4,4,1,1,42
1248,6,4,1,2,37
1249,5,4,1,2,32
1250,5,4,1,2,44
1251,4,4,1,2,42
1252,2,4,2,1,35
1253,3,3,1,2,34
1254,5,4,3,1,30
1255,4,4,1,2,43
1256,7,4,1,1,56
1257,7,4,1,2,60
1258,9,4,1,2,50
1259,7,4,3,2,33
1260,3,4,1,2,42
1261,7,4,1,2,34
1262,4,4,1,2,37
1263,8,4,3,2,45
1264,7,4,1,2,34
1265,4,4,1,2,43
1266,9,4,1,2,62
1267,9,4,1,1,61
1268,8,4,1,1,43
1269,6,4,3,1,55
1270,8,4,3,2,32
1271,7,4,1,2,57
1272,5,4,1,1,65
1273,3,4,1,1,64
1274,5,4,1,1,50
1275,8,4,1,1,36
1276,3,4,1,1,61
1277,4,4,5,1,45
1278,1,4,1,1,42
1279,2,4,1,1,64
1280,1,4,1,1,46
1281,2,4,1,1,33
1282,4,4,1,2,34
1283,9,4,1,1,62
1284,2,4,1,2,44
1285,8,4,1,1,55
1286,2,4,1,2,47
1287,2,4,1,2,61
1288,1,4,1,1,57
1289,9,4,1,1,33
1290,2,4,3,2,39
1291,7,4,1,2,22
1292,6,4,1,2,60
1293,5,3,1,2,39
1294,2,4,3,1,36
1295,8,4,3,1,43
1296,4,4,1,2,55
1297,6,4,4,1,40
1298,5,4,1,1,63
1299,9,4,1,2,48
1300,4,4,1,2,61
1301,5,4,1,1,43
1302,9,4,1,1,43
1303,7,4,3,1,44
1304,6,4,3,1,48
1305,9,4,3,1,60
1306,5,4,1,1,64
1307,3,4,1,1,58
1308,1,4,1,2,48
1309,7,4,1,1,46
1310,6,4,1,1,53
1311,5,4,3,2,38
1312,1,4,3,1,49
1313,5,4,2,1,57
1314,1,4,1,1,65
1315,4,4,1,2,62
1316,5,4,1,2,60
1317,7,4,1,2,58
1318,4,4,1,2,59
1319,1,4,1,1,55
1320,7,4,1,2,37
1321,2,4,1,1,62
1322,2,4,1,2,33
1323,9,4,3,1,31
1324,7,3,1,2,52
1325,9,4,1,1,34
1326,2,4,4,1,36
1327,7,4,1,2,39
1328,9,4,1,2,37
1329,8,4,1,2,45
1330,1,4,3,2,43
1331,9,4,1,1,46
1332,9,4,3,2,36
1333,5,4,1,2,57
1334,8,4,4,2,50
1335,3,3,1,2,55
1336,2,4,3,1,45
1337,9,4,1,2,41
1338,9,4,1,1,58
1339,2,4,4,1,39
1340,8,4,3,1,58
1341,6,4,3,1,47
1342,3,4,1,1,42
1343,8,3,1,2,32
1344,3,4,1,2,64
1345,8,4,1,2,46
1346,9,4,3,1,62
1347,2,4,1,1,59
1348,6,4,1,1,46
1349,6,4,1,2,36
1350,9,4,3,1,49
1351,3,3,1,2,32
1352,1,4,1,2,40
1353,5,4,3,1,32
1354,1,4,1,1,34
1355,6,4,1,2,38
1356,1,4,4,2,43
1357,8,4,3,2,44
1358,4,4,1,2,34
1359,7,4,3,2,34
1360,1,4,1,1,44
1361,9,4,3,1,40
1362,3,4,1,2,53
1363,7,4,1,2,38
1364,7,4,1,1,34
1365,8,4,1,1,32
1366,3,4,1,1,43
1367,6,4,1,1,53
1368,3,4,3,1,50
1369,6,4,1,2,35
1370,9,4,3,1,62
1371,2,4,3,1,63
1372,8,4,2,1,57
1373,5,4,1,2,49
1374,3,4,1,2,43
1375,5,4,1,1,39
1376,7,4,1,2,65
1377,6,4,1,2,51
1378,4,4,4,2,31
1379,3,4,3,1,45
1380,6,3,1,2,42
1381,2,4,1,2,38
1382,1,4,3,1,61
1383,9,4,1,2,43
1384,4,4,1,2,35
1385,5,3,1,2,54
1386,8,4,3,1,60
1387,1,3,1,2,58
1388,1,4,1,1,49
1389,7,4,1,2,54
1390,2,4,1,2,32
1391,3,4,1,2,62
1392,8,4,1,2,28
1393,1,4,1,2,51
1394,8,4,1,2,55
1395,5,4,1,2,61
1396,6,4,1,1,53
1397,3,3,1,2,60
1398,6,4,1,2,30
1399,5,4,1,2,46
1400,8,4,1,1,56
1401,8,4,2,2,63
1402,9,4,1,1,46
1403,4,4,3,1,34
1404,4,4,1,1,49
1405,4,4,1,2,39
1406,4,4,1,1,43
1407,4,4,1,1,44
1408,5,4,1,2,32
1409,5,4,1,2,62
1410,3,4,3,2,44
1411,3,4,1,1,60
1412,3,4,1,1,46
1413,8,4,2,2,54
1414,2,4,2,1,38
1415,2,4,3,1,56
1416,6,4,1,2,46
1417,3,3,1,2,64
1418,4,4,1,2,45
1419,7,4,1,1,58
1420,2,4,1,1,37
1421,9,4,4,2,34
1422,8,4,1,1,46
1423,1,4,5,2,40
1424,6,4,1,1,65
1425,7,4,1,1,63
1426,4,4,1,2,45
1427,9,4,1,1,39
1428,5,3,1,2,48
1429,4,4,1,2,60
1430,2,4,4,2,34
1431,6,4,1,1,60
1432,8,3,1,2,63
1433,4,4,3,2,40
1434,6,3,1,2,33
1435,8,4,1,2,41
1436,2,4,1,2,37
1437,6,4,1,1,37
1438,7,4,3,1,62
1439,1,4,5,1,31
1440,8,4,3,1,52
1441,9,4,1,1,59
1442,7,3,1,2,55
1443,8,4,3,2,52
1444,8,4,3,1,65
1445,8,4,1,1,38
1446,4,4,1,1,60
1447,1,4,1,2,44
1448,1,4,1,1,36
1449,6,3,1,2,41
1450,3,4,1,2,37
1451,2,4,1,1,31
1452,3,4,1,2,59
1453,1,4,4,1,65
1454,1,4,3,1,59
1455,4,4,1,1,60
1456,6,4,4,1,43
1457,4,4,3,1,49
1458,5,4,3,1,51
1459,1,4,1,2,51
1460,3,4,3,1,46
1461,2,4,1,1,50
1462,4,4,2,1,31
1463,4,4,1,1,61
1464,1,4,1,2,28
1465,6,4,1,2,54
1466,9,4,1,2,56
1467,3,4,2,2,33
1468,2,4,1,2,34
1469,6,4,1,2,31
1470,2,3,1,2,35
1471,6,4,4,1,43
1472,4,4,1,2,38
1473,6,4,5,1,32
1474,3,4,1,1,43
1475,9,4,3,2,47
1476,8,4,1,1,52
1477,7,4,1,2,34
1478,2,4,1,2,36
1479,8,4,3,2,45
1480,1,4,4,1,63
1481,9,4,1,1,58
1482,8,3,1,2,38
1483,5,4,5,2,33
1484,6,4,1,1,63
1485,5,4,3,2,49
1486,5,4,3,1,40
1487,5,4,3,1,44
1488,5,4,3,1,41
1489,7,4,1,2,36
1490,7,4,1,2,52
1491,3,4,1,1,49
1492,1,4,1,1,56
1493,5,4,1,2,63
1494,5,4,1,1,40
1495,3,4,5,2,43
1496,6,4,3,2,36
1497,9,4,1,2,58
1498,9,4,1,1,40
1499,1,4,3,1,52
1500,6,4,1,2,51
1501,3,4,1,1,53
1502,2,4,1,1,45
1503,9,4,2,2,32
1504,2,4,4,1,33
1505,1,4,1,1,54
1506,7,4,1,2,46
1507,4,4,1,2,49
1508,7,4,3,1,35
1509,8,4,1,2,59
1510,1,4,1,1,55
1511,9,4,3,1,35
1512,5,4,1,1,51
1513,9,4,3,1,42
1514,2,4,1,2,34
1515,4,4,1,1,38
1516,1,4,3,1,48
1517,2,4,3,2,39
1518,5,4,1,2,63
1519,2,4,1,1,56
1520,6,4,1,2,49
1521,2,4,3,1,41
1522,6,4,1,1,51
1523,1,4,1,1,50
1524,4,4,3,1,38
1525,4,4,1,2,46
1526,9,4,1,1,60
1527,9,4,3,2,63
1528,7,3,4,1,47
1529,7,4,1,2,42
1530,5,4,3,2,60
1531,2,4,3,2,46
1532,1,4,1,2,60
1533,2,4,1,2,41
1534,5,4,3,1,63
1535,3,4,1,2,62
1536,8,4,1,1,45
1537,1,4,3,2,44
1538,6,4,1,1,42
1539,2,4,1,2,59
1540,6,4,1,2,45
1541,6,4,3,1,38
1542,3,4,1,2,61
1543,9,4,3,2,43
1544,7,4,3,1,53
1545,9,4,2,2,54
1546,4,4,1,2,41
1547,1,4,1,2,48
1548,8,4,1,2,61
1549,4,4,1,1,42
1550,9,4,3,1,44
1551,3,4,3,2,47
1552,2,4,1,1,61
1553,6,4,1,2,36
1554,8,4,1,1,63
1555,6,4,1,1,64
1556,5,4,3,1,42
1557,6,4,3,2,41
1558,2,4,1,2,55
1559,7,4,1,2,50
1560,1,4,1,2,32
1561,5,4,2,2,36
1562,3,4,1,2,56
1563,7,4,1,2,52
1564,5,3,2,2,41
1565,5,4,1,1,42
1566,2,4,3,1,44
1567,5,4,1,2,36
1568,7,4,1,2,65
1569,2,4,1,2,49
1570,1,4,1,2,50
1571,2,4,1,2,57
1572,1,4,1,1,60
1573,3,4,1,1,44
1574,1,4,3,1,42
1575,4,4,1,2,32
1576,8,4,3,1,42
1577,6,4,1,1,56
1578,9,4,1,1,32
1579,8,4,3,1,42
1580,2,4,1,1,37
1581,4,4,1,1,41
1582,3,4,1,1,50
1583,8,4,1,1,64
1584,2,4,4,2,28
1585,1,4,1,2,32
1586,3,4,1,2,56
1587,2,4,3,1,42
1588,8,4,1,1,55
1589,4,4,1,2,38
1590,2,4,3,2,61
1591,8,4,1,2,32
1592,2,4,3,1,40
1593,1,4,3,2,54
1594,5,3,1,1,26
1595,5,4,3,1,55
1596,3,4,3,1,55
1597,6,4,1,2,31
1598,6,4,1,1,62
1599,5,4,1,1,56
1600,7,4,1,1,57
1601,9,4,1,2,65
1602,9,4,1,1,54
1603,8,4,1,2,34
1604,5,4,1,1,50
1605,3,4,3,1,45
1606,4,4,3,2,47
1607,3,4,1,2,57
1608,8,4,4,1,44
1609,1,4,1,1,59
1610,6,4,1,2,39
1611,8,4,3,2,39
1612,2,4,3,1,60
1613,2,4,1,2,54
1614,5,4,1,1,63
1615,2,4,1,1,40
1616,1,4,1,1,36
1617,3,4,3,1,61
1618,1,4,1,2,50
1619,3,4,4,2,56
1620,4,4,1,1,51
1621,5,4,1,2,40
1622,1,4,1,1,45
1623,2,4,3,1,65
1624,7,4,3,1,65
1625,8,4,1,1,46
1626,9,4,1,2,55
1627,9,4,1,2,57
1628,4,4,1,1,32
1629,8,4,1,2,35
1630,2,4,3,1,30
1631,1,4,1,1,51
1632,8,4,1,1,35
1633,2,4,1,1,50
1634,5,4,1,1,63
1635,9,3,1,2,61
1636,2,4,2,2,43
1637,3,4,1,1,58
1638,3,4,3,2,60
1639,2,4,1,1,63
1640,4,4,1,1,47
1641,2,4,1,1,64
1642,1,3,1,2,55
1643,9,4,3,1,49
1644,7,4,1,1,48
1645,5,4,1,2,36
1646,5,4,1,1,62
1647,9,4,1,2,33
1648,8,4,3,1,58
1649,3,4,1,2,65
1650,1,4,1,1,58
1651,7,4,1,1,54
1652,8,4,3,2,38
1653,2,4,1,2,49
1654,1,4,1,1,58
1655,5,4,1,1,64
1656,5,4,1,2,50
1657,8,3,1,2,57
1658,8,4,1,2,33
1659,4,4,1,2,49
1660,6,4,1,1,36
1661,3,4,1,2,49
1662,5,4,3,1,49
1663,5,4,1,2,39
1664,4,4,1,1,61
1665,9,4,1,2,62
1666,8,4,1,2,34
1667,2,4,4,2,45
1668,6,4,1,2,57
1669,2,4,1,2,46
1670,3,4,1,2,35
1671,2,4,1,2,65
1672,5,4,1,2,59
1673,3,4,3,1,29
1674,2,4,1,1,64
1675,2,4,1,2,37
1676,7,3,1,2,55
1677,6,3,1,2,61
1678,8,4,1,2,63
1679,2,4,1,1,53
1680,4,4,1,2,40
1681,9,4,3,2,38
1682,1,4,1,1,61
1683,4,4,3,1,61
1684,8,4,1,1,38
1685,6,4,1,2,46
1686,2,4,1,2,48
1687,4,4,3,1,56
1688,5,4,1,2,50
1689,2,3,1,2,40
1690,2,4,1,1,62
1691,1,4,1,1,53
1692,7,4,1,1,60
1693,7,4,1,1,42
1694,3,4,3,2,34
1695,7,4,4,1,42
1696,6,4,1,2,35
1697,7,4,2,2,45
1698,4,4,1,2,49
1699,1,4,1,1,54
1700,5,4,1,2,47
1701,2,4,3,1,38
1702,6,4,1,2,28
1703,9,4,3,1,58
1704,5,4,1,1,50
1705,8,3,1,2,59
1706,3,4,1,2,37
1707,3,4,1,2,45
1708,4,4,1,2,49
1709,9,4,1,1,59
1710,2,4,1,2,36
1711,4,4,1,2,35
1712,3,4,3,2,49
1713,6,4,3,1,42
1714,7,3,1,2,50
1715,6,4,1,2,31
1716,4,4,1,1,64
1717,9,4,3,1,62
1718,8,4,4,1,39
1719,1,4,1,1,56
1720,8,4,1,1,53
1721,5,4,1,1,59
1722,5,4,1,2,38
1723,9,4,1,2,31
1724,3,4,1,2,46
1725,5,4,1,1,61
1726,4,4,1,2,46
1727,9,4,3,1,54
1728,9,4,1,1,50
1729,8,4,1,1,34
1730,5,4,1,2,51
1731,1,4,1,1,34
1732,6,4,2,1,48
1733,1,4,1,2,32
1734,4,3,1,2,36
1735,7,4,1,2,37
1736,7,4,1,2,35
1737,7,4,1,1,58
1738,4,4,1,2,53
1739,6,4,1,2,34
1740,3,4,1,1,55
1741,8,4,1,2,39
1742,7,4,1,2,43
1743,1,4,1,2,43
1744,2,4,3,1,43
1745,8,4,3,1,44
1746,4,4,1,2,27
1747,1,4,1,2,39
1748,3,4,3,1,80
1749,5,4,1,1,65
1750,3,4,1,1,63
1751,8,4,3,1,45
1752,9,4,1,1,49
1753,1,3,1,2,57
1754,4,4,1,1,60
1755,2,4,1,1,51
1756,3,4,1,2,40
1757,7,4,1,2,35
1758,5,4,1,2,34
1759,2,4,1,2,58
1760,6,4,1,1,56
1761,9,4,1,2,52
1762,8,4,1,2,50
1763,9,4,1,1,42
1764,3,4,5,1,43
1765,8,4,3,2,42
1766,3,4,3,2,38
1767,8,4,3,2,38
1768,7,4,1,2,44
1769,9,4,1,1,32
1770,9,4,1,1,65
1771,9,4,1,2,35
1772,2,4,3,2,38
1773,6,4,1,2,34
1774,5,4,1,1,62
1775,5,4,1,1,47
1776,5,4,1,2,34
1777,3,4,1,1,65
1778,2,4,3,2,47
1779,8,4,1,2,45
1780,2,4,4,1,34
1781,1,4,2,1,40
1782,8,3,1,2,47
1783,6,4,1,2,37
1784,9,4,3,1,55
1785,3,4,1,2,62
1786,5,4,1,1,43
1787,1,4,1,1,55
1788,9,4,1,1,50
1789,1,4,1,2,42
1790,8,4,3,2,33
1791,7,4,3,2,45
1792,1,4,3,1,34
1793,3,4,1,1,52
1794,2,3,1,2,51
1795,3,4,1,1,60
1796,3,4,1,2,54
1797,4,4,1,2,35
1798,3,4,1,2,44
1799,9,4,1,2,60
1800,6,4,1,1,41
1801,4,4,4,1,33
1802,6,4,3,1,45
1803,4,4,1,1,31
1804,1,4,1,1,57
1805,5,4,4,2,56
1806,8,4,3,1,45
1807,6,4,3,1,55
1808,3,4,3,1,49
1809,5,4,4,2,34
1810,7,4,4,2,61
1811,6,4,3,1,39
1812,3,4,1,1,33
1813,7,4,1,2,39
1814,9,4,3,2,54
1815,5,4,1,1,63
1816,6,4,4,2,60
1817,8,4,4,1,45
1818,1,4,1,2,29
1819,5,4,1,2,32
1820,1,4,3,2,33
1821,5,4,5,1,44
1822,1,4,1,2,55
1823,9,4,3,1,40
1824,9,4,4,1,43
1825,3,4,3,1,40
1826,4,4,4,1,54
1827,1,4,1,1,63
1828,6,4,3,1,46
1829,8,4,1,1,34
1830,8,4,1,1,63
1831,9,4,1,2,60
1832,6,3,1,1,55
1833,7,4,1,2,60
1834,7,4,1,1,39
1835,5,4,1,2,53
1836,6,4,1,1,55
1837,4,4,1,2,40
1838,6,3,1,2,42
1839,6,4,1,1,30
1840,6,4,3,1,40
1841,9,4,1,2,61
1842,6,4,1,2,54